2026-09-20 14:46:54,963 [INFO] __main__ <module>: ====== START PROCESSING ======


2026-09-20 14:46:54,964 [INFO] __main__ <module>: log=C:\projects\SUN_watching\report\20260920\logs\sunfindwestV2_20260920_144654.log
2026-09-20 14:46:55,081 [DEBUG] __main__ <module>: All standard modules imported successfully.
2026-09-20 14:46:55,082 [INFO] camera.controller <module>: --- starting as module process ---
2026-09-20 14:46:55,082 [INFO] camera.controller <module>: standard modules imported successfully
2026-09-20 14:46:55,107 [WARNING] root <module>: ASI SDK library not found
2026-09-20 14:46:55,109 [INFO] camera.controller <module>: --- finish ---
2026-09-20 14:46:55,118 [INFO] config.utils_json json_saver: Saving JSON to C:\projects\SUN_watching\sun_find_west_v2\config\cache\config.json
2026-09-20 14:46:55,121 [INFO] config.utils_json json_saver: JSON saved successfully: C:\projects\SUN_watching\sun_find_west_v2\config\cache\config.json
2026-09-20 14:46:55,121 [INFO] config.config_manager <module>: __sucessful jenelate json from text
2026-09-20 14:46:55,121 [INFO] config.config_manager <module>: __loading config from json
2026-09-20 14:46:55,122 [INFO] config.config_manager <module>: __sucessful default_config
2026-09-20 14:46:55,123 [INFO] core.drawer <module>: --- starting as module process ---
2026-09-20 14:46:55,201 [DEBUG] matplotlib wrapper: matplotlib data path: C:\Users\fujit\AppData\Local\Programs\Python\Python313\Lib\site-packages\matplotlib\mpl-data
2026-09-20 14:46:55,209 [DEBUG] matplotlib wrapper: CONFIGDIR=C:\Users\fujit\.matplotlib
2026-09-20 14:46:55,210 [DEBUG] matplotlib <module>: interactive is False
2026-09-20 14:46:55,210 [DEBUG] matplotlib <module>: platform is win32
2026-09-20 14:46:55,262 [DEBUG] matplotlib wrapper: CACHEDIR=C:\Users\fujit\.matplotlib
2026-09-20 14:46:55,263 [DEBUG] matplotlib.font_manager _load_fontmanager: Using fontManager instance from C:\Users\fujit\.matplotlib\fontlist-v390.json
2026-09-20 14:46:55,441 [INFO] core.drawer <module>: --- finish ---
2026-09-20 14:46:55,443 [INFO] core.RANSAC <module>: --- starting as module process ---
2026-09-20 14:46:56,570 [INFO] core.RANSAC <module>: standard modules imported successfully
2026-09-20 14:46:56,570 [INFO] core.RANSAC <module>: --- finish ---
2026-09-20 14:46:56,571 [DEBUG] __main__ <module>: All custom modules imported successfully.
2026-09-20 14:46:56,571 [DEBUG] __main__ <module>: loaded parameters:
{'Camera': {'auto_control': {'auto_max_exp': 1,
                             'auto_max_gain': 0,
                             'auto_target_brightness': 100},
            'basic_parameters': {'exposure': 100,
                                 'gain': 0,
                                 'gamma': 50,
                                 'offset': 15},
            'image_format': {'img_type': 'RAW8'},
            'transfer_settings': {'band_width': 80,
                                  'flip': 0,
                                  'hardware_bin': 1,
                                  'high_speed_mode': True}},
 'sun_find_west_v2': {'Analyzer': {'acceptable': 1, 'buf_lookback': '300'},
                      'MIN2ver2': {'iter_cycles': '2',
                                   'light_threshod': 50,
                                   'limb_wigth': '24',
                                   'n': 10},
                      'Visualizer': {'grid_alpha': 0.4,
                                     'grid_color': '#FFFFFF',
                                     'grid_nx': 4,
                                     'grid_ny': 2,
                                     'grid_r': 300,
                                     'opencircle_triangle': False}}}
2026-09-20 14:46:56,571 [INFO] __main__ <module>: __sucessful __loading parameter
2026-09-20 14:46:56,571 [INFO] __main__ <module>: Attempting to connect to the camera...
2026-09-20 14:46:56,572 [DEBUG] __main__ <module>: Successfully set ZWO_ASI_LIB environment variable:C:\projects\SUN_watching\sun_find_west_v2\camera\bin\ASICamera2.dll
2026-09-20 14:46:56,572 [INFO] camera.controller connect_camera: Initializing ASI SDK...
2026-09-20 14:46:56,573 [INFO] camera.controller connect_camera: ASI SDK initialized successfully.
2026-09-20 14:46:56,573 [INFO] camera.controller connect_camera: Waiting for camera connection... (Press Ctrl+C to abort)
2026-09-20 14:47:00,539 [INFO] camera.controller connect_camera: DUMVID received. Returning VideoDummyCamera instance.
2026-09-20 14:47:03,744 [INFO] __main__ <module>: Successfully connected to the camera.
2026-09-20 14:47:03,745 [WARNING] camera.controller apply_camera_config: __ENGこのカメラはgammaに対応していません
2026-09-20 14:47:03,745 [WARNING] camera.controller apply_camera_config: __ENGこのカメラはhigh_speed_modeに対応していません
2026-09-20 14:47:03,745 [WARNING] camera.controller apply_camera_config: __ENGこのカメラはhardware_binに対応していません
2026-09-20 14:47:03,745 [WARNING] camera.controller apply_camera_config: __ENGこのカメラはflipに対応していません
2026-09-20 14:47:03,745 [WARNING] camera.controller apply_camera_config: __ENGこのカメラはauto_max_gainに対応していません
2026-09-20 14:47:03,745 [WARNING] camera.controller apply_camera_config: __ENGこのカメラはauto_max_expに対応していません
2026-09-20 14:47:03,746 [WARNING] camera.controller apply_camera_config: __ENGこのカメラはauto_target_brightnessに対応していません
2026-09-20 14:47:03,746 [INFO] camera.controller apply_camera_config: __sucessful set camera config
2026-09-20 14:47:03,746 [INFO] __main__ <module>: Starting video capture...
2026-09-20 14:47:03,746 [DEBUG] __main__ <module>: Capture status retrieved: width=1608, height=1104, binning=None, img_type=0
2026-09-20 14:47:03,747 [INFO] __main__ <module>: Initializing Visualizer instance...
2026-09-20 14:47:03,747 [INFO] __main__ <module>: csv_file_path: C:\projects\SUN_watching\report\20260920\sun_data_20260920_144654_BYsunfindwestV2.csv
2026-09-20 14:47:03,789 [DEBUG] matplotlib.pyplot switch_backend: Loaded backend qtagg version 5.15.11.
2026-09-20 14:47:04,219 [DEBUG] matplotlib.font_manager _findfont_cached: findfont: Matching sans\-serif:style=normal:variant=normal:weight=normal:stretch=normal:size=10.0.
2026-09-20 14:47:04,270 [DEBUG] matplotlib.font_manager _findfont_cached: findfont: score(FontEntry(fname='C:\\Users\\fujit\\AppData\\Local\\Programs\\Python\\Python313\\Lib\\site-packages\\matplotlib\\mpl-data\\fonts\\ttf\\DejaVuSansMono-Oblique.ttf', name='DejaVu Sans Mono', style='oblique', variant='normal', weight=400, stretch='normal', size='scalable')) = 11.05
2026-09-20 14:47:04,285 [DEBUG] matplotlib.font_manager _findfont_cached: findfont: score(FontEntry(fname='C:\\Users\\fujit\\AppData\\Local\\Programs\\Python\\Python313\\Lib\\site-packages\\matplotlib\\mpl-data\\fonts\\ttf\\cmsy10.ttf', name='cmsy10', style='normal', variant='normal', weight=400, stretch='normal', size='scalable')) = 10.05
2026-09-20 14:47:04,291 [DEBUG] matplotlib.font_manager _findfont_cached: findfont: score(FontEntry(fname='C:\\Users\\fujit\\AppData\\Local\\Programs\\Python\\Python313\\Lib\\site-packages\\matplotlib\\mpl-data\\fonts\\ttf\\DejaVuSerif-BoldItalic.ttf', name='DejaVu Serif', style='italic', variant='normal', weight=700, stretch='normal', size='scalable')) = 11.335
2026-09-20 14:47:04,298 [DEBUG] matplotlib.font_manager _findfont_cached: findfont: score(FontEntry(fname='C:\\Users\\fujit\\AppData\\Local\\Programs\\Python\\Python313\\Lib\\site-packages\\matplotlib\\mpl-data\\fonts\\ttf\\STIXNonUniBol.ttf', name='STIXNonUnicode', style='normal', variant='normal', weight=700, stretch='normal', size='scalable')) = 10.335
2026-09-20 14:47:04,321 [DEBUG] matplotlib.font_manager _findfont_cached: findfont: score(FontEntry(fname='C:\\Users\\fujit\\AppData\\Local\\Programs\\Python\\Python313\\Lib\\site-packages\\matplotlib\\mpl-data\\fonts\\ttf\\DejaVuSans-Oblique.ttf', name='DejaVu Sans', style='oblique', variant='normal', weight=400, stretch='normal', size='scalable')) = 1.05
2026-09-20 14:47:04,343 [DEBUG] matplotlib.font_manager _findfont_cached: findfont: score(FontEntry(fname='C:\\Users\\fujit\\AppData\\Local\\Programs\\Python\\Python313\\Lib\\site-packages\\matplotlib\\mpl-data\\fonts\\ttf\\cmex10.ttf', name='cmex10', style='normal', variant='normal', weight=400, stretch='normal', size='scalable')) = 10.05
2026-09-20 14:47:04,369 [DEBUG] matplotlib.font_manager _findfont_cached: findfont: score(FontEntry(fname='C:\\Users\\fujit\\AppData\\Local\\Programs\\Python\\Python313\\Lib\\site-packages\\matplotlib\\mpl-data\\fonts\\ttf\\DejaVuSerif.ttf', name='DejaVu Serif', style='normal', variant='normal', weight=400, stretch='normal', size='scalable')) = 10.05
2026-09-20 14:47:04,401 [DEBUG] matplotlib.font_manager _findfont_cached: findfont: score(FontEntry(fname='C:\\Users\\fujit\\AppData\\Local\\Programs\\Python\\Python313\\Lib\\site-packages\\matplotlib\\mpl-data\\fonts\\ttf\\STIXNonUni.ttf', name='STIXNonUnicode', style='normal', variant='normal', weight=400, stretch='normal', size='scalable')) = 10.05
2026-09-20 14:47:04,443 [DEBUG] matplotlib.font_manager _findfont_cached: findfont: score(FontEntry(fname='C:\\Users\\fujit\\AppData\\Local\\Programs\\Python\\Python313\\Lib\\site-packages\\matplotlib\\mpl-data\\fonts\\ttf\\DejaVuSansDisplay.ttf', name='DejaVu Sans Display', style='normal', variant='normal', weight=400, stretch='normal', size='scalable')) = 10.05
2026-09-20 14:47:04,444 [DEBUG] matplotlib.font_manager _findfont_cached: findfont: score(FontEntry(fname='C:\\Users\\fujit\\AppData\\Local\\Programs\\Python\\Python313\\Lib\\site-packages\\matplotlib\\mpl-data\\fonts\\ttf\\DejaVuSans-Bold.ttf', name='DejaVu Sans', style='normal', variant='normal', weight=700, stretch='normal', size='scalable')) = 0.33499999999999996
2026-09-20 14:47:04,487 [DEBUG] matplotlib.font_manager _findfont_cached: findfont: score(FontEntry(fname='C:\\Users\\fujit\\AppData\\Local\\Programs\\Python\\Python313\\Lib\\site-packages\\matplotlib\\mpl-data\\fonts\\ttf\\DejaVuSans-BoldOblique.ttf', name='DejaVu Sans', style='oblique', variant='normal', weight=700, stretch='normal', size='scalable')) = 1.335
2026-09-20 14:47:04,505 [DEBUG] matplotlib.font_manager _findfont_cached: findfont: score(FontEntry(fname='C:\\Users\\fujit\\AppData\\Local\\Programs\\Python\\Python313\\Lib\\site-packages\\matplotlib\\mpl-data\\fonts\\ttf\\STIXNonUniBolIta.ttf', name='STIXNonUnicode', style='italic', variant='normal', weight=700, stretch='normal', size='scalable')) = 11.335
2026-09-20 14:47:04,548 [DEBUG] matplotlib.font_manager _findfont_cached: findfont: score(FontEntry(fname='C:\\Users\\fujit\\AppData\\Local\\Programs\\Python\\Python313\\Lib\\site-packages\\matplotlib\\mpl-data\\fonts\\ttf\\STIXSizOneSymBol.ttf', name='STIXSizeOneSym', style='normal', variant='normal', weight=700, stretch='normal', size='scalable')) = 10.335
2026-09-20 14:47:04,584 [DEBUG] matplotlib.font_manager _findfont_cached: findfont: score(FontEntry(fname='C:\\Users\\fujit\\AppData\\Local\\Programs\\Python\\Python313\\Lib\\site-packages\\matplotlib\\mpl-data\\fonts\\ttf\\STIXSizOneSymReg.ttf', name='STIXSizeOneSym', style='normal', variant='normal', weight=400, stretch='normal', size='scalable')) = 10.05
2026-09-20 14:47:04,593 [DEBUG] matplotlib.font_manager _findfont_cached: findfont: score(FontEntry(fname='C:\\Users\\fujit\\AppData\\Local\\Programs\\Python\\Python313\\Lib\\site-packages\\matplotlib\\mpl-data\\fonts\\ttf\\STIXSizFourSymReg.ttf', name='STIXSizeFourSym', style='normal', variant='normal', weight=400, stretch='normal', size='scalable')) = 10.05
2026-09-20 14:47:04,598 [DEBUG] matplotlib.font_manager _findfont_cached: findfont: score(FontEntry(fname='C:\\Users\\fujit\\AppData\\Local\\Programs\\Python\\Python313\\Lib\\site-packages\\matplotlib\\mpl-data\\fonts\\ttf\\cmr10.ttf', name='cmr10', style='normal', variant='normal', weight=400, stretch='normal', size='scalable')) = 10.05
2026-09-20 14:47:04,598 [DEBUG] matplotlib.font_manager _findfont_cached: findfont: score(FontEntry(fname='C:\\Users\\fujit\\AppData\\Local\\Programs\\Python\\Python313\\Lib\\site-packages\\matplotlib\\mpl-data\\fonts\\ttf\\cmtt10.ttf', name='cmtt10', style='normal', variant='normal', weight=400, stretch='normal', size='scalable')) = 10.05
2026-09-20 14:47:04,599 [DEBUG] matplotlib.font_manager _findfont_cached: findfont: score(FontEntry(fname='C:\\Users\\fujit\\AppData\\Local\\Programs\\Python\\Python313\\Lib\\site-packages\\matplotlib\\mpl-data\\fonts\\ttf\\DejaVuSans.ttf', name='DejaVu Sans', style='normal', variant='normal', weight=400, stretch='normal', size='scalable')) = 0.05
2026-09-20 14:47:04,599 [DEBUG] matplotlib.font_manager _findfont_cached: findfont: score(FontEntry(fname='C:\\Users\\fujit\\AppData\\Local\\Programs\\Python\\Python313\\Lib\\site-packages\\matplotlib\\mpl-data\\fonts\\ttf\\STIXGeneral.ttf', name='STIXGeneral', style='normal', variant='normal', weight=400, stretch='normal', size='scalable')) = 10.05
2026-09-20 14:47:04,599 [DEBUG] matplotlib.font_manager _findfont_cached: findfont: score(FontEntry(fname='C:\\Users\\fujit\\AppData\\Local\\Programs\\Python\\Python313\\Lib\\site-packages\\matplotlib\\mpl-data\\fonts\\ttf\\STIXGeneralItalic.ttf', name='STIXGeneral', style='italic', variant='normal', weight=400, stretch='normal', size='scalable')) = 11.05
2026-09-20 14:47:04,599 [DEBUG] matplotlib.font_manager _findfont_cached: findfont: score(FontEntry(fname='C:\\Users\\fujit\\AppData\\Local\\Programs\\Python\\Python313\\Lib\\site-packages\\matplotlib\\mpl-data\\fonts\\ttf\\STIXSizFourSymBol.ttf', name='STIXSizeFourSym', style='normal', variant='normal', weight=700, stretch='normal', size='scalable')) = 10.335
2026-09-20 14:47:04,599 [DEBUG] matplotlib.font_manager _findfont_cached: findfont: score(FontEntry(fname='C:\\Users\\fujit\\AppData\\Local\\Programs\\Python\\Python313\\Lib\\site-packages\\matplotlib\\mpl-data\\fonts\\ttf\\cmss10.ttf', name='cmss10', style='normal', variant='normal', weight=400, stretch='normal', size='scalable')) = 10.05
2026-09-20 14:47:04,600 [DEBUG] matplotlib.font_manager _findfont_cached: findfont: score(FontEntry(fname='C:\\Users\\fujit\\AppData\\Local\\Programs\\Python\\Python313\\Lib\\site-packages\\matplotlib\\mpl-data\\fonts\\ttf\\DejaVuSerif-Bold.ttf', name='DejaVu Serif', style='normal', variant='normal', weight=700, stretch='normal', size='scalable')) = 10.335
2026-09-20 14:47:04,600 [DEBUG] matplotlib.font_manager _findfont_cached: findfont: score(FontEntry(fname='C:\\Users\\fujit\\AppData\\Local\\Programs\\Python\\Python313\\Lib\\site-packages\\matplotlib\\mpl-data\\fonts\\ttf\\DejaVuSerifDisplay.ttf', name='DejaVu Serif Display', style='normal', variant='normal', weight=400, stretch='normal', size='scalable')) = 10.05
2026-09-20 14:47:04,600 [DEBUG] matplotlib.font_manager _findfont_cached: findfont: score(FontEntry(fname='C:\\Users\\fujit\\AppData\\Local\\Programs\\Python\\Python313\\Lib\\site-packages\\matplotlib\\mpl-data\\fonts\\ttf\\STIXSizThreeSymReg.ttf', name='STIXSizeThreeSym', style='normal', variant='normal', weight=400, stretch='normal', size='scalable')) = 10.05
2026-09-20 14:47:04,600 [DEBUG] matplotlib.font_manager _findfont_cached: findfont: score(FontEntry(fname='C:\\Users\\fujit\\AppData\\Local\\Programs\\Python\\Python313\\Lib\\site-packages\\matplotlib\\mpl-data\\fonts\\ttf\\DejaVuSansMono-BoldOblique.ttf', name='DejaVu Sans Mono', style='oblique', variant='normal', weight=700, stretch='normal', size='scalable')) = 11.335
2026-09-20 14:47:04,600 [DEBUG] matplotlib.font_manager _findfont_cached: findfont: score(FontEntry(fname='C:\\Users\\fujit\\AppData\\Local\\Programs\\Python\\Python313\\Lib\\site-packages\\matplotlib\\mpl-data\\fonts\\ttf\\DejaVuSerif-Italic.ttf', name='DejaVu Serif', style='italic', variant='normal', weight=400, stretch='normal', size='scalable')) = 11.05
2026-09-20 14:47:04,600 [DEBUG] matplotlib.font_manager _findfont_cached: findfont: score(FontEntry(fname='C:\\Users\\fujit\\AppData\\Local\\Programs\\Python\\Python313\\Lib\\site-packages\\matplotlib\\mpl-data\\fonts\\ttf\\STIXGeneralBol.ttf', name='STIXGeneral', style='normal', variant='normal', weight=700, stretch='normal', size='scalable')) = 10.335
2026-09-20 14:47:04,601 [DEBUG] matplotlib.font_manager _findfont_cached: findfont: score(FontEntry(fname='C:\\Users\\fujit\\AppData\\Local\\Programs\\Python\\Python313\\Lib\\site-packages\\matplotlib\\mpl-data\\fonts\\ttf\\STIXGeneralBolIta.ttf', name='STIXGeneral', style='italic', variant='normal', weight=700, stretch='normal', size='scalable')) = 11.335
2026-09-20 14:47:04,601 [DEBUG] matplotlib.font_manager _findfont_cached: findfont: score(FontEntry(fname='C:\\Users\\fujit\\AppData\\Local\\Programs\\Python\\Python313\\Lib\\site-packages\\matplotlib\\mpl-data\\fonts\\ttf\\DejaVuSansMono-Bold.ttf', name='DejaVu Sans Mono', style='normal', variant='normal', weight=700, stretch='normal', size='scalable')) = 10.335
2026-09-20 14:47:04,601 [DEBUG] matplotlib.font_manager _findfont_cached: findfont: score(FontEntry(fname='C:\\Users\\fujit\\AppData\\Local\\Programs\\Python\\Python313\\Lib\\site-packages\\matplotlib\\mpl-data\\fonts\\ttf\\STIXSizFiveSymReg.ttf', name='STIXSizeFiveSym', style='normal', variant='normal', weight=400, stretch='normal', size='scalable')) = 10.05
2026-09-20 14:47:04,601 [DEBUG] matplotlib.font_manager _findfont_cached: findfont: score(FontEntry(fname='C:\\Users\\fujit\\AppData\\Local\\Programs\\Python\\Python313\\Lib\\site-packages\\matplotlib\\mpl-data\\fonts\\ttf\\STIXSizTwoSymBol.ttf', name='STIXSizeTwoSym', style='normal', variant='normal', weight=700, stretch='normal', size='scalable')) = 10.335
2026-09-20 14:47:04,601 [DEBUG] matplotlib.font_manager _findfont_cached: findfont: score(FontEntry(fname='C:\\Users\\fujit\\AppData\\Local\\Programs\\Python\\Python313\\Lib\\site-packages\\matplotlib\\mpl-data\\fonts\\ttf\\DejaVuSansMono.ttf', name='DejaVu Sans Mono', style='normal', variant='normal', weight=400, stretch='normal', size='scalable')) = 10.05
2026-09-20 14:47:04,601 [DEBUG] matplotlib.font_manager _findfont_cached: findfont: score(FontEntry(fname='C:\\Users\\fujit\\AppData\\Local\\Programs\\Python\\Python313\\Lib\\site-packages\\matplotlib\\mpl-data\\fonts\\ttf\\STIXNonUniIta.ttf', name='STIXNonUnicode', style='italic', variant='normal', weight=400, stretch='normal', size='scalable')) = 11.05
2026-09-20 14:47:04,601 [DEBUG] matplotlib.font_manager _findfont_cached: findfont: score(FontEntry(fname='C:\\Users\\fujit\\AppData\\Local\\Programs\\Python\\Python313\\Lib\\site-packages\\matplotlib\\mpl-data\\fonts\\ttf\\STIXSizTwoSymReg.ttf', name='STIXSizeTwoSym', style='normal', variant='normal', weight=400, stretch='normal', size='scalable')) = 10.05
2026-09-20 14:47:04,601 [DEBUG] matplotlib.font_manager _findfont_cached: findfont: score(FontEntry(fname='C:\\Users\\fujit\\AppData\\Local\\Programs\\Python\\Python313\\Lib\\site-packages\\matplotlib\\mpl-data\\fonts\\ttf\\cmb10.ttf', name='cmb10', style='normal', variant='normal', weight=400, stretch='normal', size='scalable')) = 10.05
2026-09-20 14:47:04,602 [DEBUG] matplotlib.font_manager _findfont_cached: findfont: score(FontEntry(fname='C:\\Users\\fujit\\AppData\\Local\\Programs\\Python\\Python313\\Lib\\site-packages\\matplotlib\\mpl-data\\fonts\\ttf\\STIXSizThreeSymBol.ttf', name='STIXSizeThreeSym', style='normal', variant='normal', weight=700, stretch='normal', size='scalable')) = 10.335
2026-09-20 14:47:04,602 [DEBUG] matplotlib.font_manager _findfont_cached: findfont: score(FontEntry(fname='C:\\Users\\fujit\\AppData\\Local\\Programs\\Python\\Python313\\Lib\\site-packages\\matplotlib\\mpl-data\\fonts\\ttf\\cmmi10.ttf', name='cmmi10', style='normal', variant='normal', weight=400, stretch='normal', size='scalable')) = 10.05
2026-09-20 14:47:04,602 [DEBUG] matplotlib.font_manager _findfont_cached: findfont: score(FontEntry(fname='C:\\Windows\\Fonts\\pala.ttf', name='Palatino Linotype', style='normal', variant='normal', weight=400, stretch='normal', size='scalable')) = 10.05
2026-09-20 14:47:04,602 [DEBUG] matplotlib.font_manager _findfont_cached: findfont: score(FontEntry(fname='C:\\Windows\\Fonts\\ITCKRIST.TTF', name='Kristen ITC', style='normal', variant='normal', weight=400, stretch='normal', size='scalable')) = 10.05
2026-09-20 14:47:04,602 [DEBUG] matplotlib.font_manager _findfont_cached: findfont: score(FontEntry(fname='C:\\Windows\\Fonts\\courbi.ttf', name='Courier New', style='italic', variant='normal', weight=700, stretch='normal', size='scalable')) = 11.335
2026-09-20 14:47:04,602 [DEBUG] matplotlib.font_manager _findfont_cached: findfont: score(FontEntry(fname='C:\\Windows\\Fonts\\constanz.ttf', name='Constantia', style='italic', variant='normal', weight=700, stretch='normal', size='scalable')) = 11.335
2026-09-20 14:47:04,602 [DEBUG] matplotlib.font_manager _findfont_cached: findfont: score(FontEntry(fname='C:\\Windows\\Fonts\\ANTQUAI.TTF', name='Book Antiqua', style='italic', variant='normal', weight=400, stretch='normal', size='scalable')) = 11.05
2026-09-20 14:47:04,603 [DEBUG] matplotlib.font_manager _findfont_cached: findfont: score(FontEntry(fname='C:\\Windows\\Fonts\\HGRGY.TTC', name='HGGyoshotai', style='normal', variant='normal', weight=400, stretch='normal', size='scalable')) = 10.05
2026-09-20 14:47:04,603 [DEBUG] matplotlib.font_manager _findfont_cached: findfont: score(FontEntry(fname='C:\\Windows\\Fonts\\Candara.ttf', name='Candara', style='normal', variant='normal', weight=400, stretch='normal', size='scalable')) = 10.05
2026-09-20 14:47:04,603 [DEBUG] matplotlib.font_manager _findfont_cached: findfont: score(FontEntry(fname='C:\\Windows\\Fonts\\msjhl.ttc', name='Microsoft JhengHei', style='normal', variant='normal', weight=290, stretch='normal', size='scalable')) = 10.1545
2026-09-20 14:47:04,603 [DEBUG] matplotlib.font_manager _findfont_cached: findfont: score(FontEntry(fname='C:\\Windows\\Fonts\\yumin.ttf', name='Yu Mincho', style='normal', variant='normal', weight=400, stretch='normal', size='scalable')) = 10.05
2026-09-20 14:47:04,603 [DEBUG] matplotlib.font_manager _findfont_cached: findfont: score(FontEntry(fname='C:\\Windows\\Fonts\\constanb.ttf', name='Constantia', style='normal', variant='normal', weight=700, stretch='normal', size='scalable')) = 10.335
2026-09-20 14:47:04,603 [DEBUG] matplotlib.font_manager _findfont_cached: findfont: score(FontEntry(fname='C:\\Windows\\Fonts\\calibril.ttf', name='Calibri', style='normal', variant='normal', weight=300, stretch='normal', size='scalable')) = 10.145
2026-09-20 14:47:04,603 [DEBUG] matplotlib.font_manager _findfont_cached: findfont: score(FontEntry(fname='C:\\Windows\\Fonts\\msyh.ttc', name='Microsoft YaHei', style='normal', variant='normal', weight=400, stretch='normal', size='scalable')) = 10.05
2026-09-20 14:47:04,603 [DEBUG] matplotlib.font_manager _findfont_cached: findfont: score(FontEntry(fname='C:\\Windows\\Fonts\\LEELAWDB.TTF', name='Leelawadee', style='normal', variant='normal', weight=700, stretch='normal', size='scalable')) = 10.335
2026-09-20 14:47:04,603 [DEBUG] matplotlib.font_manager _findfont_cached: findfont: score(FontEntry(fname='C:\\Windows\\Fonts\\msyhl.ttc', name='Microsoft YaHei', style='normal', variant='normal', weight=290, stretch='normal', size='scalable')) = 10.1545
2026-09-20 14:47:04,604 [DEBUG] matplotlib.font_manager _findfont_cached: findfont: score(FontEntry(fname='C:\\Windows\\Fonts\\ARIALNB.TTF', name='Arial', style='normal', variant='normal', weight=700, stretch='condensed', size='scalable')) = 6.8986363636363635
2026-09-20 14:47:04,604 [DEBUG] matplotlib.font_manager _findfont_cached: findfont: score(FontEntry(fname='C:\\Windows\\Fonts\\FREESCPT.TTF', name='Freestyle Script', style='normal', variant='normal', weight=400, stretch='normal', size='scalable')) = 10.05
2026-09-20 14:47:04,604 [DEBUG] matplotlib.font_manager _findfont_cached: findfont: score(FontEntry(fname='C:\\Windows\\Fonts\\DUBAI-REGULAR.TTF', name='Dubai', style='normal', variant='normal', weight=400, stretch='normal', size='scalable')) = 10.05
2026-09-20 14:47:04,604 [DEBUG] matplotlib.font_manager _findfont_cached: findfont: score(FontEntry(fname='C:\\Windows\\Fonts\\TEMPSITC.TTF', name='Tempus Sans ITC', style='normal', variant='normal', weight=400, stretch='normal', size='scalable')) = 10.05
2026-09-20 14:47:04,604 [DEBUG] matplotlib.font_manager _findfont_cached: findfont: score(FontEntry(fname='C:\\Windows\\Fonts\\PAPYRUS.TTF', name='Papyrus', style='normal', variant='normal', weight=400, stretch='normal', size='scalable')) = 10.05
2026-09-20 14:47:04,604 [DEBUG] matplotlib.font_manager _findfont_cached: findfont: score(FontEntry(fname='C:\\Windows\\Fonts\\cambriai.ttf', name='Cambria', style='italic', variant='normal', weight=400, stretch='normal', size='scalable')) = 11.05
2026-09-20 14:47:04,604 [DEBUG] matplotlib.font_manager _findfont_cached: findfont: score(FontEntry(fname='C:\\Windows\\Fonts\\WINGDNG2.TTF', name='Wingdings 2', style='normal', variant='normal', weight=400, stretch='normal', size='scalable')) = 10.05
2026-09-20 14:47:04,605 [DEBUG] matplotlib.font_manager _findfont_cached: findfont: score(FontEntry(fname='C:\\Windows\\Fonts\\corbeli.ttf', name='Corbel', style='italic', variant='normal', weight=400, stretch='normal', size='scalable')) = 11.05
2026-09-20 14:47:04,605 [DEBUG] matplotlib.font_manager _findfont_cached: findfont: score(FontEntry(fname='C:\\Windows\\Fonts\\YuGothM.ttc', name='Yu Gothic', style='normal', variant='normal', weight=500, stretch='normal', size='scalable')) = 10.145
2026-09-20 14:47:04,605 [DEBUG] matplotlib.font_manager _findfont_cached: findfont: score(FontEntry(fname='C:\\Windows\\Fonts\\Candarab.ttf', name='Candara', style='normal', variant='normal', weight=700, stretch='normal', size='scalable')) = 10.335
2026-09-20 14:47:04,605 [DEBUG] matplotlib.font_manager _findfont_cached: findfont: score(FontEntry(fname='C:\\Windows\\Fonts\\meiryo.ttc', name='Meiryo', style='normal', variant='normal', weight=400, stretch='normal', size='scalable')) = 10.05
2026-09-20 14:47:04,605 [DEBUG] matplotlib.font_manager _findfont_cached: findfont: score(FontEntry(fname='C:\\Windows\\Fonts\\corbel.ttf', name='Corbel', style='normal', variant='normal', weight=400, stretch='normal', size='scalable')) = 10.05
2026-09-20 14:47:04,605 [DEBUG] matplotlib.font_manager _findfont_cached: findfont: score(FontEntry(fname='C:\\Windows\\Fonts\\Candaral.ttf', name='Candara', style='normal', variant='normal', weight=400, stretch='normal', size='scalable')) = 10.05
2026-09-20 14:47:04,605 [DEBUG] matplotlib.font_manager _findfont_cached: findfont: score(FontEntry(fname='C:\\Windows\\Fonts\\segoesc.ttf', name='Segoe Script', style='normal', variant='normal', weight=400, stretch='normal', size='scalable')) = 10.05
2026-09-20 14:47:04,605 [DEBUG] matplotlib.font_manager _findfont_cached: findfont: score(FontEntry(fname='C:\\Windows\\Fonts\\georgiai.ttf', name='Georgia', style='italic', variant='normal', weight=400, stretch='normal', size='scalable')) = 11.05
2026-09-20 14:47:04,606 [DEBUG] matplotlib.font_manager _findfont_cached: findfont: score(FontEntry(fname='C:\\Windows\\Fonts\\seguibli.ttf', name='Segoe UI', style='italic', variant='normal', weight=900, stretch='normal', size='scalable')) = 11.525
2026-09-20 14:47:04,606 [DEBUG] matplotlib.font_manager _findfont_cached: findfont: score(FontEntry(fname='C:\\Windows\\Fonts\\meiryob.ttc', name='Meiryo', style='normal', variant='normal', weight=700, stretch='normal', size='scalable')) = 10.335
2026-09-20 14:47:04,606 [DEBUG] matplotlib.font_manager _findfont_cached: findfont: score(FontEntry(fname='C:\\Windows\\Fonts\\HGRGM.TTC', name='HGGothicM', style='normal', variant='normal', weight=400, stretch='normal', size='scalable')) = 10.05
2026-09-20 14:47:04,606 [DEBUG] matplotlib.font_manager _findfont_cached: findfont: score(FontEntry(fname='C:\\Windows\\Fonts\\segoepr.ttf', name='Segoe Print', style='normal', variant='normal', weight=400, stretch='normal', size='scalable')) = 10.05
2026-09-20 14:47:04,606 [DEBUG] matplotlib.font_manager _findfont_cached: findfont: score(FontEntry(fname='C:\\Windows\\Fonts\\symbol.ttf', name='Symbol', style='normal', variant='normal', weight=400, stretch='normal', size='scalable')) = 10.05
2026-09-20 14:47:04,606 [DEBUG] matplotlib.font_manager _findfont_cached: findfont: score(FontEntry(fname='C:\\Windows\\Fonts\\arialbd.ttf', name='Arial', style='normal', variant='normal', weight=700, stretch='normal', size='scalable')) = 6.698636363636363
2026-09-20 14:47:04,606 [DEBUG] matplotlib.font_manager _findfont_cached: findfont: score(FontEntry(fname='C:\\Windows\\Fonts\\msjhbd.ttc', name='Microsoft JhengHei', style='normal', variant='normal', weight=700, stretch='normal', size='scalable')) = 10.335
2026-09-20 14:47:04,607 [DEBUG] matplotlib.font_manager _findfont_cached: findfont: score(FontEntry(fname='C:\\Windows\\Fonts\\seguisb.ttf', name='Segoe UI', style='normal', variant='normal', weight=600, stretch='normal', size='scalable')) = 10.24
2026-09-20 14:47:04,607 [DEBUG] matplotlib.font_manager _findfont_cached: findfont: score(FontEntry(fname='C:\\Windows\\Fonts\\HGRSGU.TTC', name='HGSoeiKakugothicUB', style='normal', variant='normal', weight=400, stretch='normal', size='scalable')) = 10.05
2026-09-20 14:47:04,607 [DEBUG] matplotlib.font_manager _findfont_cached: findfont: score(FontEntry(fname='C:\\Windows\\Fonts\\gadugib.ttf', name='Gadugi', style='normal', variant='normal', weight=700, stretch='normal', size='scalable')) = 10.335
2026-09-20 14:47:04,607 [DEBUG] matplotlib.font_manager _findfont_cached: findfont: score(FontEntry(fname='C:\\Windows\\Fonts\\calibrib.ttf', name='Calibri', style='normal', variant='normal', weight=700, stretch='normal', size='scalable')) = 10.335
2026-09-20 14:47:04,607 [DEBUG] matplotlib.font_manager _findfont_cached: findfont: score(FontEntry(fname='C:\\Windows\\Fonts\\BKANT.TTF', name='Book Antiqua', style='normal', variant='normal', weight=400, stretch='normal', size='scalable')) = 10.05
2026-09-20 14:47:04,607 [DEBUG] matplotlib.font_manager _findfont_cached: findfont: score(FontEntry(fname='C:\\Windows\\Fonts\\georgiab.ttf', name='Georgia', style='normal', variant='normal', weight=700, stretch='normal', size='scalable')) = 10.335
2026-09-20 14:47:04,608 [DEBUG] matplotlib.font_manager _findfont_cached: findfont: score(FontEntry(fname='C:\\Windows\\Fonts\\msyhbd.ttc', name='Microsoft YaHei', style='normal', variant='normal', weight=700, stretch='normal', size='scalable')) = 10.335
2026-09-20 14:47:04,608 [DEBUG] matplotlib.font_manager _findfont_cached: findfont: score(FontEntry(fname='C:\\Windows\\Fonts\\trebucbd.ttf', name='Trebuchet MS', style='normal', variant='normal', weight=700, stretch='normal', size='scalable')) = 10.335
2026-09-20 14:47:04,608 [DEBUG] matplotlib.font_manager _findfont_cached: findfont: score(FontEntry(fname='C:\\Windows\\Fonts\\LeelawUI.ttf', name='Leelawadee UI', style='normal', variant='normal', weight=400, stretch='normal', size='scalable')) = 10.05
2026-09-20 14:47:04,608 [DEBUG] matplotlib.font_manager _findfont_cached: findfont: score(FontEntry(fname='C:\\Windows\\Fonts\\CENTURY.TTF', name='Century', style='normal', variant='normal', weight=400, stretch='normal', size='scalable')) = 10.05
2026-09-20 14:47:04,608 [DEBUG] matplotlib.font_manager _findfont_cached: findfont: score(FontEntry(fname='C:\\Windows\\Fonts\\comic.ttf', name='Comic Sans MS', style='normal', variant='normal', weight=400, stretch='normal', size='scalable')) = 10.05
2026-09-20 14:47:04,608 [DEBUG] matplotlib.font_manager _findfont_cached: findfont: score(FontEntry(fname='C:\\Windows\\Fonts\\mmrtextb.ttf', name='Myanmar Text', style='normal', variant='normal', weight=700, stretch='normal', size='scalable')) = 10.335
2026-09-20 14:47:04,608 [DEBUG] matplotlib.font_manager _findfont_cached: findfont: score(FontEntry(fname='C:\\Windows\\Fonts\\GOTHICI.TTF', name='Century Gothic', style='italic', variant='normal', weight=400, stretch='normal', size='scalable')) = 11.05
2026-09-20 14:47:04,608 [DEBUG] matplotlib.font_manager _findfont_cached: findfont: score(FontEntry(fname='C:\\Windows\\Fonts\\Candarali.ttf', name='Candara', style='italic', variant='normal', weight=400, stretch='normal', size='scalable')) = 11.05
2026-09-20 14:47:04,609 [DEBUG] matplotlib.font_manager _findfont_cached: findfont: score(FontEntry(fname='C:\\Windows\\Fonts\\consolaz.ttf', name='Consolas', style='italic', variant='normal', weight=700, stretch='normal', size='scalable')) = 11.335
2026-09-20 14:47:04,609 [DEBUG] matplotlib.font_manager _findfont_cached: findfont: score(FontEntry(fname='C:\\Windows\\Fonts\\MTCORSVA.TTF', name='Monotype Corsiva', style='normal', variant='normal', weight=400, stretch='normal', size='scalable')) = 10.05
2026-09-20 14:47:04,609 [DEBUG] matplotlib.font_manager _findfont_cached: findfont: score(FontEntry(fname='C:\\Windows\\Fonts\\ANTQUABI.TTF', name='Book Antiqua', style='italic', variant='normal', weight=700, stretch='normal', size='scalable')) = 11.335
2026-09-20 14:47:04,609 [DEBUG] matplotlib.font_manager _findfont_cached: findfont: score(FontEntry(fname='C:\\Windows\\Fonts\\simsunb.ttf', name='SimSun-ExtB', style='normal', variant='normal', weight=400, stretch='normal', size='scalable')) = 10.05
2026-09-20 14:47:04,609 [DEBUG] matplotlib.font_manager _findfont_cached: findfont: score(FontEntry(fname='C:\\Windows\\Fonts\\mvboli.ttf', name='MV Boli', style='normal', variant='normal', weight=400, stretch='normal', size='scalable')) = 10.05
2026-09-20 14:47:04,609 [DEBUG] matplotlib.font_manager _findfont_cached: findfont: score(FontEntry(fname='C:\\Windows\\Fonts\\ANTQUAB.TTF', name='Book Antiqua', style='normal', variant='normal', weight=700, stretch='normal', size='scalable')) = 10.335
2026-09-20 14:47:04,610 [DEBUG] matplotlib.font_manager _findfont_cached: findfont: score(FontEntry(fname='C:\\Windows\\Fonts\\HGRPP1.TTC', name='HGSoeiKakupoptai', style='normal', variant='normal', weight=400, stretch='normal', size='scalable')) = 10.05
2026-09-20 14:47:04,610 [DEBUG] matplotlib.font_manager _findfont_cached: findfont: score(FontEntry(fname='C:\\Windows\\Fonts\\ebrima.ttf', name='Ebrima', style='normal', variant='normal', weight=400, stretch='normal', size='scalable')) = 10.05
2026-09-20 14:47:04,610 [DEBUG] matplotlib.font_manager _findfont_cached: findfont: score(FontEntry(fname='C:\\Windows\\Fonts\\yumindb.ttf', name='Yu Mincho', style='normal', variant='normal', weight=600, stretch='normal', size='scalable')) = 10.24
2026-09-20 14:47:04,610 [DEBUG] matplotlib.font_manager _findfont_cached: findfont: score(FontEntry(fname='C:\\Windows\\Fonts\\corbelli.ttf', name='Corbel', style='italic', variant='normal', weight=300, stretch='normal', size='scalable')) = 11.145
2026-09-20 14:47:04,610 [DEBUG] matplotlib.font_manager _findfont_cached: findfont: score(FontEntry(fname='C:\\Windows\\Fonts\\corbell.ttf', name='Corbel', style='normal', variant='normal', weight=300, stretch='normal', size='scalable')) = 10.145
2026-09-20 14:47:04,610 [DEBUG] matplotlib.font_manager _findfont_cached: findfont: score(FontEntry(fname='C:\\Windows\\Fonts\\timesbd.ttf', name='Times New Roman', style='normal', variant='normal', weight=700, stretch='normal', size='scalable')) = 10.335
2026-09-20 14:47:04,610 [DEBUG] matplotlib.font_manager _findfont_cached: findfont: score(FontEntry(fname='C:\\Windows\\Fonts\\seguisbi.ttf', name='Segoe UI', style='italic', variant='normal', weight=600, stretch='normal', size='scalable')) = 11.24
2026-09-20 14:47:04,611 [DEBUG] matplotlib.font_manager _findfont_cached: findfont: score(FontEntry(fname='C:\\Windows\\Fonts\\cambriab.ttf', name='Cambria', style='normal', variant='normal', weight=700, stretch='normal', size='scalable')) = 10.335
2026-09-20 14:47:04,611 [DEBUG] matplotlib.font_manager _findfont_cached: findfont: score(FontEntry(fname='C:\\Windows\\Fonts\\phagspab.ttf', name='Microsoft PhagsPa', style='normal', variant='normal', weight=700, stretch='normal', size='scalable')) = 10.335
2026-09-20 14:47:04,611 [DEBUG] matplotlib.font_manager _findfont_cached: findfont: score(FontEntry(fname='C:\\Windows\\Fonts\\LEELAWAD.TTF', name='Leelawadee', style='normal', variant='normal', weight=400, stretch='normal', size='scalable')) = 10.05
2026-09-20 14:47:04,611 [DEBUG] matplotlib.font_manager _findfont_cached: findfont: score(FontEntry(fname='C:\\Windows\\Fonts\\YuGothB.ttc', name='Yu Gothic', style='normal', variant='normal', weight=700, stretch='normal', size='scalable')) = 10.335
2026-09-20 14:47:04,611 [DEBUG] matplotlib.font_manager _findfont_cached: findfont: score(FontEntry(fname='C:\\Windows\\Fonts\\JUICE___.TTF', name='Juice ITC', style='normal', variant='normal', weight=400, stretch='normal', size='scalable')) = 10.05
2026-09-20 14:47:04,611 [DEBUG] matplotlib.font_manager _findfont_cached: findfont: score(FontEntry(fname='C:\\Windows\\Fonts\\georgia.ttf', name='Georgia', style='normal', variant='normal', weight=400, stretch='normal', size='scalable')) = 10.05
2026-09-20 14:47:04,611 [DEBUG] matplotlib.font_manager _findfont_cached: findfont: score(FontEntry(fname='C:\\Windows\\Fonts\\malgun.ttf', name='Malgun Gothic', style='normal', variant='normal', weight=400, stretch='normal', size='scalable')) = 10.05
2026-09-20 14:47:04,612 [DEBUG] matplotlib.font_manager _findfont_cached: findfont: score(FontEntry(fname='C:\\Windows\\Fonts\\HGRKK.TTC', name='HGKyokashotai', style='normal', variant='normal', weight=400, stretch='normal', size='scalable')) = 10.05
2026-09-20 14:47:04,612 [DEBUG] matplotlib.font_manager _findfont_cached: findfont: score(FontEntry(fname='C:\\Windows\\Fonts\\times.ttf', name='Times New Roman', style='normal', variant='normal', weight=400, stretch='normal', size='scalable')) = 10.05
2026-09-20 14:47:04,612 [DEBUG] matplotlib.font_manager _findfont_cached: findfont: score(FontEntry(fname='C:\\Windows\\Fonts\\SitkaVF.ttf', name='Sitka', style='normal', variant='normal', weight=400, stretch='normal', size='scalable')) = 10.05
2026-09-20 14:47:04,612 [DEBUG] matplotlib.font_manager _findfont_cached: findfont: score(FontEntry(fname='C:\\Windows\\Fonts\\GOTHIC.TTF', name='Century Gothic', style='normal', variant='normal', weight=400, stretch='normal', size='scalable')) = 10.05
2026-09-20 14:47:04,612 [DEBUG] matplotlib.font_manager _findfont_cached: findfont: score(FontEntry(fname='C:\\Windows\\Fonts\\segoeuisl.ttf', name='Segoe UI', style='normal', variant='normal', weight=350, stretch='normal', size='scalable')) = 10.0975
2026-09-20 14:47:04,612 [DEBUG] matplotlib.font_manager _findfont_cached: findfont: score(FontEntry(fname='C:\\Windows\\Fonts\\seguihis.ttf', name='Segoe UI Historic', style='normal', variant='normal', weight=400, stretch='normal', size='scalable')) = 10.05
2026-09-20 14:47:04,612 [DEBUG] matplotlib.font_manager _findfont_cached: findfont: score(FontEntry(fname='C:\\Windows\\Fonts\\msmincho.ttc', name='MS Mincho', style='normal', variant='normal', weight=400, stretch='normal', size='scalable')) = 10.05
2026-09-20 14:47:04,612 [DEBUG] matplotlib.font_manager _findfont_cached: findfont: score(FontEntry(fname='C:\\Windows\\Fonts\\calibriz.ttf', name='Calibri', style='italic', variant='normal', weight=700, stretch='normal', size='scalable')) = 11.335
2026-09-20 14:47:04,613 [DEBUG] matplotlib.font_manager _findfont_cached: findfont: score(FontEntry(fname='C:\\Windows\\Fonts\\BIZ-UDGothicR.ttc', name='BIZ UDGothic', style='normal', variant='normal', weight=400, stretch='normal', size='scalable')) = 10.05
2026-09-20 14:47:04,613 [DEBUG] matplotlib.font_manager _findfont_cached: findfont: score(FontEntry(fname='C:\\Windows\\Fonts\\GOTHICBI.TTF', name='Century Gothic', style='italic', variant='normal', weight=700, stretch='normal', size='scalable')) = 11.335
2026-09-20 14:47:04,613 [DEBUG] matplotlib.font_manager _findfont_cached: findfont: score(FontEntry(fname='C:\\Windows\\Fonts\\HGRPRE.TTC', name='HGSoeiPresenceEB', style='normal', variant='normal', weight=400, stretch='normal', size='scalable')) = 10.05
2026-09-20 14:47:04,613 [DEBUG] matplotlib.font_manager _findfont_cached: findfont: score(FontEntry(fname='C:\\Windows\\Fonts\\ariali.ttf', name='Arial', style='italic', variant='normal', weight=400, stretch='normal', size='scalable')) = 7.413636363636363
2026-09-20 14:47:04,613 [DEBUG] matplotlib.font_manager _findfont_cached: findfont: score(FontEntry(fname='C:\\Windows\\Fonts\\malgunsl.ttf', name='Malgun Gothic', style='normal', variant='normal', weight=300, stretch='normal', size='scalable')) = 10.145
2026-09-20 14:47:04,613 [DEBUG] matplotlib.font_manager _findfont_cached: findfont: score(FontEntry(fname='C:\\Windows\\Fonts\\BRADHITC.TTF', name='Bradley Hand ITC', style='normal', variant='normal', weight=400, stretch='normal', size='scalable')) = 10.05
2026-09-20 14:47:04,613 [DEBUG] matplotlib.font_manager _findfont_cached: findfont: score(FontEntry(fname='C:\\Windows\\Fonts\\lucon.ttf', name='Lucida Console', style='normal', variant='normal', weight=400, stretch='normal', size='scalable')) = 10.05
2026-09-20 14:47:04,613 [DEBUG] matplotlib.font_manager _findfont_cached: findfont: score(FontEntry(fname='C:\\Windows\\Fonts\\SimsunExtG.ttf', name='SimSun-ExtG', style='normal', variant='normal', weight=400, stretch='normal', size='scalable')) = 10.05
2026-09-20 14:47:04,613 [DEBUG] matplotlib.font_manager _findfont_cached: findfont: score(FontEntry(fname='C:\\Windows\\Fonts\\taile.ttf', name='Microsoft Tai Le', style='normal', variant='normal', weight=400, stretch='normal', size='scalable')) = 10.05
2026-09-20 14:47:04,614 [DEBUG] matplotlib.font_manager _findfont_cached: findfont: score(FontEntry(fname='C:\\Windows\\Fonts\\trebuc.ttf', name='Trebuchet MS', style='normal', variant='normal', weight=400, stretch='normal', size='scalable')) = 10.05
2026-09-20 14:47:04,614 [DEBUG] matplotlib.font_manager _findfont_cached: findfont: score(FontEntry(fname='C:\\Windows\\Fonts\\BOOKOS.TTF', name='Bookman Old Style', style='normal', variant='normal', weight=300, stretch='normal', size='scalable')) = 10.145
2026-09-20 14:47:04,614 [DEBUG] matplotlib.font_manager _findfont_cached: findfont: score(FontEntry(fname='C:\\Windows\\Fonts\\palabi.ttf', name='Palatino Linotype', style='italic', variant='normal', weight=700, stretch='normal', size='scalable')) = 11.335
2026-09-20 14:47:04,614 [DEBUG] matplotlib.font_manager _findfont_cached: findfont: score(FontEntry(fname='C:\\Windows\\Fonts\\seguisli.ttf', name='Segoe UI', style='italic', variant='normal', weight=350, stretch='normal', size='scalable')) = 11.0975
2026-09-20 14:47:04,614 [DEBUG] matplotlib.font_manager _findfont_cached: findfont: score(FontEntry(fname='C:\\Windows\\Fonts\\MSUIGHUB.TTF', name='Microsoft Uighur', style='normal', variant='normal', weight=700, stretch='normal', size='scalable')) = 10.335
2026-09-20 14:47:04,614 [DEBUG] matplotlib.font_manager _findfont_cached: findfont: score(FontEntry(fname='C:\\Windows\\Fonts\\cambria.ttc', name='Cambria', style='normal', variant='normal', weight=400, stretch='normal', size='scalable')) = 10.05
2026-09-20 14:47:04,614 [DEBUG] matplotlib.font_manager _findfont_cached: findfont: score(FontEntry(fname='C:\\Windows\\Fonts\\georgiaz.ttf', name='Georgia', style='italic', variant='normal', weight=700, stretch='normal', size='scalable')) = 11.335
2026-09-20 14:47:04,614 [DEBUG] matplotlib.font_manager _findfont_cached: findfont: score(FontEntry(fname='C:\\Windows\\Fonts\\ARIALN.TTF', name='Arial', style='normal', variant='normal', weight=400, stretch='condensed', size='scalable')) = 6.613636363636363
2026-09-20 14:47:04,615 [DEBUG] matplotlib.font_manager _findfont_cached: findfont: score(FontEntry(fname='C:\\Windows\\Fonts\\LHANDW.TTF', name='Lucida Handwriting', style='italic', variant='normal', weight=400, stretch='normal', size='scalable')) = 11.05
2026-09-20 14:47:04,615 [DEBUG] matplotlib.font_manager _findfont_cached: findfont: score(FontEntry(fname='C:\\Windows\\Fonts\\MSUIGHUR.TTF', name='Microsoft Uighur', style='normal', variant='normal', weight=400, stretch='normal', size='scalable')) = 10.05
2026-09-20 14:47:04,615 [DEBUG] matplotlib.font_manager _findfont_cached: findfont: score(FontEntry(fname='C:\\Windows\\Fonts\\REFSPCL.TTF', name='MS Reference Specialty', style='normal', variant='normal', weight=400, stretch='normal', size='scalable')) = 10.05
2026-09-20 14:47:04,615 [DEBUG] matplotlib.font_manager _findfont_cached: findfont: score(FontEntry(fname='C:\\Windows\\Fonts\\mingliub.ttc', name='MingLiU-ExtB', style='normal', variant='normal', weight=400, stretch='normal', size='scalable')) = 10.05
2026-09-20 14:47:04,615 [DEBUG] matplotlib.font_manager _findfont_cached: findfont: score(FontEntry(fname='C:\\Windows\\Fonts\\calibrii.ttf', name='Calibri', style='italic', variant='normal', weight=400, stretch='normal', size='scalable')) = 11.05
2026-09-20 14:47:04,615 [DEBUG] matplotlib.font_manager _findfont_cached: findfont: score(FontEntry(fname='C:\\Windows\\Fonts\\Nirmala.ttf', name='Nirmala UI', style='normal', variant='normal', weight=400, stretch='normal', size='scalable')) = 10.05
2026-09-20 14:47:04,615 [DEBUG] matplotlib.font_manager _findfont_cached: findfont: score(FontEntry(fname='C:\\Windows\\Fonts\\UDDigiKyokashoN-R.ttc', name='UD Digi Kyokasho N-R', style='normal', variant='normal', weight=400, stretch='normal', size='scalable')) = 10.05
2026-09-20 14:47:04,615 [DEBUG] matplotlib.font_manager _findfont_cached: findfont: score(FontEntry(fname='C:\\Windows\\Fonts\\seguibl.ttf', name='Segoe UI', style='normal', variant='normal', weight=900, stretch='normal', size='scalable')) = 10.525
2026-09-20 14:47:04,615 [DEBUG] matplotlib.font_manager _findfont_cached: findfont: score(FontEntry(fname='C:\\Windows\\Fonts\\timesbi.ttf', name='Times New Roman', style='italic', variant='normal', weight=700, stretch='normal', size='scalable')) = 11.335
2026-09-20 14:47:04,616 [DEBUG] matplotlib.font_manager _findfont_cached: findfont: score(FontEntry(fname='C:\\Windows\\Fonts\\impact.ttf', name='Impact', style='normal', variant='normal', weight=400, stretch='normal', size='scalable')) = 10.05
2026-09-20 14:47:04,616 [DEBUG] matplotlib.font_manager _findfont_cached: findfont: score(FontEntry(fname='C:\\Windows\\Fonts\\yuminl.ttf', name='Yu Mincho', style='normal', variant='normal', weight=300, stretch='normal', size='scalable')) = 10.145
2026-09-20 14:47:04,616 [DEBUG] matplotlib.font_manager _findfont_cached: findfont: score(FontEntry(fname='C:\\Windows\\Fonts\\REFSAN.TTF', name='MS Reference Sans Serif', style='normal', variant='normal', weight=400, stretch='normal', size='scalable')) = 10.05
2026-09-20 14:47:04,616 [DEBUG] matplotlib.font_manager _findfont_cached: findfont: score(FontEntry(fname='C:\\Windows\\Fonts\\arial.ttf', name='Arial', style='normal', variant='normal', weight=400, stretch='normal', size='scalable')) = 6.413636363636363
2026-09-20 14:47:04,616 [DEBUG] matplotlib.font_manager _findfont_cached: findfont: score(FontEntry(fname='C:\\Windows\\Fonts\\SitkaVF-Italic.ttf', name='Sitka', style='italic', variant='normal', weight=400, stretch='normal', size='scalable')) = 11.05
2026-09-20 14:47:04,616 [DEBUG] matplotlib.font_manager _findfont_cached: findfont: score(FontEntry(fname='C:\\Windows\\Fonts\\ntailu.ttf', name='Microsoft New Tai Lue', style='normal', variant='normal', weight=400, stretch='normal', size='scalable')) = 10.05
2026-09-20 14:47:04,616 [DEBUG] matplotlib.font_manager _findfont_cached: findfont: score(FontEntry(fname='C:\\Windows\\Fonts\\BSSYM7.TTF', name='Bookshelf Symbol 7', style='normal', variant='normal', weight=400, stretch='normal', size='scalable')) = 10.05
2026-09-20 14:47:04,616 [DEBUG] matplotlib.font_manager _findfont_cached: findfont: score(FontEntry(fname='C:\\Windows\\Fonts\\segoeuil.ttf', name='Segoe UI', style='normal', variant='normal', weight=300, stretch='normal', size='scalable')) = 10.145
2026-09-20 14:47:04,617 [DEBUG] matplotlib.font_manager _findfont_cached: findfont: score(FontEntry(fname='C:\\Windows\\Fonts\\YuGothR.ttc', name='Yu Gothic', style='normal', variant='normal', weight=400, stretch='normal', size='scalable')) = 10.05
2026-09-20 14:47:04,617 [DEBUG] matplotlib.font_manager _findfont_cached: findfont: score(FontEntry(fname='C:\\Windows\\Fonts\\micross.ttf', name='Microsoft Sans Serif', style='normal', variant='normal', weight=400, stretch='normal', size='scalable')) = 10.05
2026-09-20 14:47:04,617 [DEBUG] matplotlib.font_manager _findfont_cached: findfont: score(FontEntry(fname='C:\\Windows\\Fonts\\calibrili.ttf', name='Calibri', style='italic', variant='normal', weight=300, stretch='normal', size='scalable')) = 11.145
2026-09-20 14:47:04,617 [DEBUG] matplotlib.font_manager _findfont_cached: findfont: score(FontEntry(fname='C:\\Windows\\Fonts\\HGRME.TTC', name='HGMinchoE', style='normal', variant='normal', weight=400, stretch='normal', size='scalable')) = 10.05
2026-09-20 14:47:04,617 [DEBUG] matplotlib.font_manager _findfont_cached: findfont: score(FontEntry(fname='C:\\Windows\\Fonts\\OUTLOOK.TTF', name='MS Outlook', style='normal', variant='normal', weight=400, stretch='normal', size='scalable')) = 10.05
2026-09-20 14:47:04,617 [DEBUG] matplotlib.font_manager _findfont_cached: findfont: score(FontEntry(fname='C:\\Windows\\Fonts\\holomdl2.ttf', name='HoloLens MDL2 Assets', style='normal', variant='normal', weight=400, stretch='normal', size='scalable')) = 10.05
2026-09-20 14:47:04,617 [DEBUG] matplotlib.font_manager _findfont_cached: findfont: score(FontEntry(fname='C:\\Windows\\Fonts\\couri.ttf', name='Courier New', style='italic', variant='normal', weight=400, stretch='normal', size='scalable')) = 11.05
2026-09-20 14:47:04,617 [DEBUG] matplotlib.font_manager _findfont_cached: findfont: score(FontEntry(fname='C:\\Windows\\Fonts\\MISTRAL.TTF', name='Mistral', style='normal', variant='normal', weight=400, stretch='normal', size='scalable')) = 10.05
2026-09-20 14:47:04,618 [DEBUG] matplotlib.font_manager _findfont_cached: findfont: score(FontEntry(fname='C:\\Windows\\Fonts\\cambriaz.ttf', name='Cambria', style='italic', variant='normal', weight=700, stretch='normal', size='scalable')) = 11.335
2026-09-20 14:47:04,618 [DEBUG] matplotlib.font_manager _findfont_cached: findfont: score(FontEntry(fname='C:\\Windows\\Fonts\\javatext.ttf', name='Javanese Text', style='normal', variant='normal', weight=400, stretch='normal', size='scalable')) = 10.05
2026-09-20 14:47:04,618 [DEBUG] matplotlib.font_manager _findfont_cached: findfont: score(FontEntry(fname='C:\\Windows\\Fonts\\courbd.ttf', name='Courier New', style='normal', variant='normal', weight=700, stretch='normal', size='scalable')) = 10.335
2026-09-20 14:47:04,618 [DEBUG] matplotlib.font_manager _findfont_cached: findfont: score(FontEntry(fname='C:\\Windows\\Fonts\\palab.ttf', name='Palatino Linotype', style='normal', variant='normal', weight=700, stretch='normal', size='scalable')) = 10.335
2026-09-20 14:47:04,618 [DEBUG] matplotlib.font_manager _findfont_cached: findfont: score(FontEntry(fname='C:\\Windows\\Fonts\\consolab.ttf', name='Consolas', style='normal', variant='normal', weight=700, stretch='normal', size='scalable')) = 10.335
2026-09-20 14:47:04,618 [DEBUG] matplotlib.font_manager _findfont_cached: findfont: score(FontEntry(fname='C:\\Windows\\Fonts\\segoeuii.ttf', name='Segoe UI', style='italic', variant='normal', weight=400, stretch='normal', size='scalable')) = 11.05
2026-09-20 14:47:04,618 [DEBUG] matplotlib.font_manager _findfont_cached: findfont: score(FontEntry(fname='C:\\Windows\\Fonts\\arialbi.ttf', name='Arial', style='italic', variant='normal', weight=700, stretch='normal', size='scalable')) = 7.698636363636363
2026-09-20 14:47:04,619 [DEBUG] matplotlib.font_manager _findfont_cached: findfont: score(FontEntry(fname='C:\\Windows\\Fonts\\malgunbd.ttf', name='Malgun Gothic', style='normal', variant='normal', weight=700, stretch='normal', size='scalable')) = 10.335
2026-09-20 14:47:04,619 [DEBUG] matplotlib.font_manager _findfont_cached: findfont: score(FontEntry(fname='C:\\Windows\\Fonts\\WINGDNG3.TTF', name='Wingdings 3', style='normal', variant='normal', weight=400, stretch='normal', size='scalable')) = 10.05
2026-09-20 14:47:04,619 [DEBUG] matplotlib.font_manager _findfont_cached: findfont: score(FontEntry(fname='C:\\Windows\\Fonts\\BOOKOSI.TTF', name='Bookman Old Style', style='italic', variant='normal', weight=300, stretch='normal', size='scalable')) = 11.145
2026-09-20 14:47:04,619 [DEBUG] matplotlib.font_manager _findfont_cached: findfont: score(FontEntry(fname='C:\\Windows\\Fonts\\segoeuiz.ttf', name='Segoe UI', style='italic', variant='normal', weight=700, stretch='normal', size='scalable')) = 11.335
2026-09-20 14:47:04,619 [DEBUG] matplotlib.font_manager _findfont_cached: findfont: score(FontEntry(fname='C:\\Windows\\Fonts\\comicbd.ttf', name='Comic Sans MS', style='normal', variant='normal', weight=700, stretch='normal', size='scalable')) = 10.335
2026-09-20 14:47:04,619 [DEBUG] matplotlib.font_manager _findfont_cached: findfont: score(FontEntry(fname='C:\\Windows\\Fonts\\gadugi.ttf', name='Gadugi', style='normal', variant='normal', weight=400, stretch='normal', size='scalable')) = 10.05
2026-09-20 14:47:04,619 [DEBUG] matplotlib.font_manager _findfont_cached: findfont: score(FontEntry(fname='C:\\Windows\\Fonts\\verdanab.ttf', name='Verdana', style='normal', variant='normal', weight=700, stretch='normal', size='scalable')) = 3.9713636363636367
2026-09-20 14:47:04,619 [DEBUG] matplotlib.font_manager _findfont_cached: findfont: score(FontEntry(fname='C:\\Windows\\Fonts\\calibri.ttf', name='Calibri', style='normal', variant='normal', weight=400, stretch='normal', size='scalable')) = 10.05
2026-09-20 14:47:04,620 [DEBUG] matplotlib.font_manager _findfont_cached: findfont: score(FontEntry(fname='C:\\Windows\\Fonts\\SansSerifCollection.ttf', name='Sans Serif Collection', style='normal', variant='normal', weight=400, stretch='normal', size='scalable')) = 10.05
2026-09-20 14:47:04,620 [DEBUG] matplotlib.font_manager _findfont_cached: findfont: score(FontEntry(fname='C:\\Windows\\Fonts\\consolai.ttf', name='Consolas', style='italic', variant='normal', weight=400, stretch='normal', size='scalable')) = 11.05
2026-09-20 14:47:04,620 [DEBUG] matplotlib.font_manager _findfont_cached: findfont: score(FontEntry(fname='C:\\Windows\\Fonts\\seguiemj.ttf', name='Segoe UI Emoji', style='normal', variant='normal', weight=400, stretch='normal', size='scalable')) = 10.05
2026-09-20 14:47:04,620 [DEBUG] matplotlib.font_manager _findfont_cached: findfont: score(FontEntry(fname='C:\\Windows\\Fonts\\GARA.TTF', name='Garamond', style='normal', variant='normal', weight=400, stretch='normal', size='scalable')) = 10.05
2026-09-20 14:47:04,620 [DEBUG] matplotlib.font_manager _findfont_cached: findfont: score(FontEntry(fname='C:\\Windows\\Fonts\\corbelb.ttf', name='Corbel', style='normal', variant='normal', weight=700, stretch='normal', size='scalable')) = 10.335
2026-09-20 14:47:04,620 [DEBUG] matplotlib.font_manager _findfont_cached: findfont: score(FontEntry(fname='C:\\Windows\\Fonts\\segoeprb.ttf', name='Segoe Print', style='normal', variant='normal', weight=700, stretch='normal', size='scalable')) = 10.335
2026-09-20 14:47:04,620 [DEBUG] matplotlib.font_manager _findfont_cached: findfont: score(FontEntry(fname='C:\\Windows\\Fonts\\BIZ-UDGothicB.ttc', name='BIZ UDGothic', style='normal', variant='normal', weight=700, stretch='normal', size='scalable')) = 10.335
2026-09-20 14:47:04,621 [DEBUG] matplotlib.font_manager _findfont_cached: findfont: score(FontEntry(fname='C:\\Windows\\Fonts\\sylfaen.ttf', name='Sylfaen', style='normal', variant='normal', weight=400, stretch='normal', size='scalable')) = 10.05
2026-09-20 14:47:04,621 [DEBUG] matplotlib.font_manager _findfont_cached: findfont: score(FontEntry(fname='C:\\Windows\\Fonts\\ARIALNI.TTF', name='Arial', style='italic', variant='normal', weight=400, stretch='condensed', size='scalable')) = 7.613636363636363
2026-09-20 14:47:04,621 [DEBUG] matplotlib.font_manager _findfont_cached: findfont: score(FontEntry(fname='C:\\Windows\\Fonts\\bahnschrift.ttf', name='Bahnschrift', style='normal', variant='normal', weight=400, stretch='normal', size='scalable')) = 10.05
2026-09-20 14:47:04,621 [DEBUG] matplotlib.font_manager _findfont_cached: findfont: score(FontEntry(fname='C:\\Windows\\Fonts\\segoeuib.ttf', name='Segoe UI', style='normal', variant='normal', weight=700, stretch='normal', size='scalable')) = 10.335
2026-09-20 14:47:04,621 [DEBUG] matplotlib.font_manager _findfont_cached: findfont: score(FontEntry(fname='C:\\Windows\\Fonts\\HGRSKP.TTF', name='HGSeikaishotaiPRO', style='normal', variant='normal', weight=400, stretch='normal', size='scalable')) = 10.05
2026-09-20 14:47:04,621 [DEBUG] matplotlib.font_manager _findfont_cached: findfont: score(FontEntry(fname='C:\\Windows\\Fonts\\segmdl2.ttf', name='Segoe MDL2 Assets', style='normal', variant='normal', weight=400, stretch='normal', size='scalable')) = 10.05
2026-09-20 14:47:04,621 [DEBUG] matplotlib.font_manager _findfont_cached: findfont: score(FontEntry(fname='C:\\Windows\\Fonts\\msyi.ttf', name='Microsoft Yi Baiti', style='normal', variant='normal', weight=400, stretch='normal', size='scalable')) = 10.05
2026-09-20 14:47:04,621 [DEBUG] matplotlib.font_manager _findfont_cached: findfont: score(FontEntry(fname='C:\\Windows\\Fonts\\l_10646.ttf', name='Lucida Sans Unicode', style='normal', variant='normal', weight=400, stretch='normal', size='scalable')) = 10.05
2026-09-20 14:47:04,622 [DEBUG] matplotlib.font_manager _findfont_cached: findfont: score(FontEntry(fname='C:\\Windows\\Fonts\\trebucbi.ttf', name='Trebuchet MS', style='italic', variant='normal', weight=700, stretch='normal', size='scalable')) = 11.335
2026-09-20 14:47:04,622 [DEBUG] matplotlib.font_manager _findfont_cached: findfont: score(FontEntry(fname='C:\\Windows\\Fonts\\seguili.ttf', name='Segoe UI', style='italic', variant='normal', weight=300, stretch='normal', size='scalable')) = 11.145
2026-09-20 14:47:04,622 [DEBUG] matplotlib.font_manager _findfont_cached: findfont: score(FontEntry(fname='C:\\Windows\\Fonts\\tahomabd.ttf', name='Tahoma', style='normal', variant='normal', weight=700, stretch='normal', size='scalable')) = 10.335
2026-09-20 14:47:04,622 [DEBUG] matplotlib.font_manager _findfont_cached: findfont: score(FontEntry(fname='C:\\Windows\\Fonts\\verdana.ttf', name='Verdana', style='normal', variant='normal', weight=400, stretch='normal', size='scalable')) = 3.6863636363636365
2026-09-20 14:47:04,623 [DEBUG] matplotlib.font_manager _findfont_cached: findfont: score(FontEntry(fname='C:\\Windows\\Fonts\\YuGothL.ttc', name='Yu Gothic', style='normal', variant='normal', weight=300, stretch='normal', size='scalable')) = 10.145
2026-09-20 14:47:04,623 [DEBUG] matplotlib.font_manager _findfont_cached: findfont: score(FontEntry(fname='C:\\Windows\\Fonts\\simsun.ttc', name='SimSun', style='normal', variant='normal', weight=400, stretch='normal', size='scalable')) = 10.05
2026-09-20 14:47:04,623 [DEBUG] matplotlib.font_manager _findfont_cached: findfont: score(FontEntry(fname='C:\\Windows\\Fonts\\tahoma.ttf', name='Tahoma', style='normal', variant='normal', weight=400, stretch='normal', size='scalable')) = 10.05
2026-09-20 14:47:04,623 [DEBUG] matplotlib.font_manager _findfont_cached: findfont: score(FontEntry(fname='C:\\Windows\\Fonts\\ariblk.ttf', name='Arial', style='normal', variant='normal', weight=900, stretch='normal', size='scalable')) = 6.888636363636364
2026-09-20 14:47:04,623 [DEBUG] matplotlib.font_manager _findfont_cached: findfont: score(FontEntry(fname='C:\\Windows\\Fonts\\FRSCRIPT.TTF', name='French Script MT', style='normal', variant='normal', weight=400, stretch='normal', size='scalable')) = 10.05
2026-09-20 14:47:04,624 [DEBUG] matplotlib.font_manager _findfont_cached: findfont: score(FontEntry(fname='C:\\Windows\\Fonts\\framd.ttf', name='Franklin Gothic Medium', style='normal', variant='normal', weight=400, stretch='normal', size='scalable')) = 10.05
2026-09-20 14:47:04,624 [DEBUG] matplotlib.font_manager _findfont_cached: findfont: score(FontEntry(fname='C:\\Windows\\Fonts\\segoescb.ttf', name='Segoe Script', style='normal', variant='normal', weight=700, stretch='normal', size='scalable')) = 10.335
2026-09-20 14:47:04,624 [DEBUG] matplotlib.font_manager _findfont_cached: findfont: score(FontEntry(fname='C:\\Windows\\Fonts\\segoeui.ttf', name='Segoe UI', style='normal', variant='normal', weight=400, stretch='normal', size='scalable')) = 10.05
2026-09-20 14:47:04,624 [DEBUG] matplotlib.font_manager _findfont_cached: findfont: score(FontEntry(fname='C:\\Windows\\Fonts\\NirmalaS.ttf', name='Nirmala UI', style='normal', variant='normal', weight=350, stretch='normal', size='scalable')) = 10.0975
2026-09-20 14:47:04,624 [DEBUG] matplotlib.font_manager _findfont_cached: findfont: score(FontEntry(fname='C:\\Windows\\Fonts\\GARABD.TTF', name='Garamond', style='normal', variant='normal', weight=700, stretch='normal', size='scalable')) = 10.335
2026-09-20 14:47:04,625 [DEBUG] matplotlib.font_manager _findfont_cached: findfont: score(FontEntry(fname='C:\\Windows\\Fonts\\SegUIVar.ttf', name='Segoe UI Variable', style='normal', variant='normal', weight=400, stretch='normal', size='scalable')) = 10.05
2026-09-20 14:47:04,625 [DEBUG] matplotlib.font_manager _findfont_cached: findfont: score(FontEntry(fname='C:\\Windows\\Fonts\\BIZ-UDMinchoM.ttc', name='BIZ UDMincho', style='normal', variant='normal', weight=500, stretch='normal', size='scalable')) = 10.145
2026-09-20 14:47:04,625 [DEBUG] matplotlib.font_manager _findfont_cached: findfont: score(FontEntry(fname='C:\\Windows\\Fonts\\OCRB.TTF', name='OCRB', style='normal', variant='normal', weight=400, stretch='normal', size='scalable')) = 10.05
2026-09-20 14:47:04,625 [DEBUG] matplotlib.font_manager _findfont_cached: findfont: score(FontEntry(fname='C:\\Windows\\Fonts\\PRISTINA.TTF', name='Pristina', style='normal', variant='normal', weight=400, stretch='normal', size='scalable')) = 10.05
2026-09-20 14:47:04,625 [DEBUG] matplotlib.font_manager _findfont_cached: findfont: score(FontEntry(fname='C:\\Windows\\Fonts\\BOOKOSB.TTF', name='Bookman Old Style', style='normal', variant='normal', weight=600, stretch='normal', size='scalable')) = 10.24
2026-09-20 14:47:04,625 [DEBUG] matplotlib.font_manager _findfont_cached: findfont: score(FontEntry(fname='C:\\Windows\\Fonts\\phagspa.ttf', name='Microsoft PhagsPa', style='normal', variant='normal', weight=400, stretch='normal', size='scalable')) = 10.05
2026-09-20 14:47:04,625 [DEBUG] matplotlib.font_manager _findfont_cached: findfont: score(FontEntry(fname='C:\\Windows\\Fonts\\SegoeIcons.ttf', name='Segoe Fluent Icons', style='normal', variant='normal', weight=400, stretch='normal', size='scalable')) = 10.05
2026-09-20 14:47:04,625 [DEBUG] matplotlib.font_manager _findfont_cached: findfont: score(FontEntry(fname='C:\\Windows\\Fonts\\constani.ttf', name='Constantia', style='italic', variant='normal', weight=400, stretch='normal', size='scalable')) = 11.05
2026-09-20 14:47:04,626 [DEBUG] matplotlib.font_manager _findfont_cached: findfont: score(FontEntry(fname='C:\\Windows\\Fonts\\monbaiti.ttf', name='Mongolian Baiti', style='normal', variant='normal', weight=400, stretch='normal', size='scalable')) = 10.05
2026-09-20 14:47:04,626 [DEBUG] matplotlib.font_manager _findfont_cached: findfont: score(FontEntry(fname='C:\\Windows\\Fonts\\Candaraz.ttf', name='Candara', style='italic', variant='normal', weight=700, stretch='normal', size='scalable')) = 11.335
2026-09-20 14:47:04,626 [DEBUG] matplotlib.font_manager _findfont_cached: findfont: score(FontEntry(fname='C:\\Windows\\Fonts\\MTEXTRA.TTF', name='MT Extra', style='normal', variant='normal', weight=400, stretch='normal', size='scalable')) = 10.05
2026-09-20 14:47:04,626 [DEBUG] matplotlib.font_manager _findfont_cached: findfont: score(FontEntry(fname='C:\\Windows\\Fonts\\LeelaUIb.ttf', name='Leelawadee UI', style='normal', variant='normal', weight=700, stretch='normal', size='scalable')) = 10.335
2026-09-20 14:47:04,626 [DEBUG] matplotlib.font_manager _findfont_cached: findfont: score(FontEntry(fname='C:\\Windows\\Fonts\\msgothic.ttc', name='MS Gothic', style='normal', variant='normal', weight=400, stretch='normal', size='scalable')) = 10.05
2026-09-20 14:47:04,626 [DEBUG] matplotlib.font_manager _findfont_cached: findfont: score(FontEntry(fname='C:\\Windows\\Fonts\\UDDigiKyokashoN-B.ttc', name='UD Digi Kyokasho N-B', style='normal', variant='normal', weight=700, stretch='normal', size='scalable')) = 10.335
2026-09-20 14:47:04,626 [DEBUG] matplotlib.font_manager _findfont_cached: findfont: score(FontEntry(fname='C:\\Windows\\Fonts\\mmrtext.ttf', name='Myanmar Text', style='normal', variant='normal', weight=400, stretch='normal', size='scalable')) = 10.05
2026-09-20 14:47:04,627 [DEBUG] matplotlib.font_manager _findfont_cached: findfont: score(FontEntry(fname='C:\\Windows\\Fonts\\cour.ttf', name='Courier New', style='normal', variant='normal', weight=400, stretch='normal', size='scalable')) = 10.05
2026-09-20 14:47:04,627 [DEBUG] matplotlib.font_manager _findfont_cached: findfont: score(FontEntry(fname='C:\\Windows\\Fonts\\trebucit.ttf', name='Trebuchet MS', style='italic', variant='normal', weight=400, stretch='normal', size='scalable')) = 11.05
2026-09-20 14:47:04,627 [DEBUG] matplotlib.font_manager _findfont_cached: findfont: score(FontEntry(fname='C:\\Windows\\Fonts\\timesi.ttf', name='Times New Roman', style='italic', variant='normal', weight=400, stretch='normal', size='scalable')) = 11.05
2026-09-20 14:47:04,627 [DEBUG] matplotlib.font_manager _findfont_cached: findfont: score(FontEntry(fname='C:\\Windows\\Fonts\\ARIALNBI.TTF', name='Arial', style='italic', variant='normal', weight=700, stretch='condensed', size='scalable')) = 7.8986363636363635
2026-09-20 14:47:04,632 [DEBUG] matplotlib.font_manager _findfont_cached: findfont: score(FontEntry(fname='C:\\Windows\\Fonts\\webdings.ttf', name='Webdings', style='normal', variant='normal', weight=400, stretch='normal', size='scalable')) = 10.05
2026-09-20 14:47:04,633 [DEBUG] matplotlib.font_manager _findfont_cached: findfont: score(FontEntry(fname='C:\\Windows\\Fonts\\taileb.ttf', name='Microsoft Tai Le', style='normal', variant='normal', weight=700, stretch='normal', size='scalable')) = 10.335
2026-09-20 14:47:04,633 [DEBUG] matplotlib.font_manager _findfont_cached: findfont: score(FontEntry(fname='C:\\Windows\\Fonts\\constan.ttf', name='Constantia', style='normal', variant='normal', weight=400, stretch='normal', size='scalable')) = 10.05
2026-09-20 14:47:04,633 [DEBUG] matplotlib.font_manager _findfont_cached: findfont: score(FontEntry(fname='C:\\Windows\\Fonts\\Candarai.ttf', name='Candara', style='italic', variant='normal', weight=400, stretch='normal', size='scalable')) = 11.05
2026-09-20 14:47:04,634 [DEBUG] matplotlib.font_manager _findfont_cached: findfont: score(FontEntry(fname='C:\\Windows\\Fonts\\HGRSMP.TTF', name='HGMaruGothicMPRO', style='normal', variant='normal', weight=400, stretch='normal', size='scalable')) = 10.05
2026-09-20 14:47:04,634 [DEBUG] matplotlib.font_manager _findfont_cached: findfont: score(FontEntry(fname='C:\\Windows\\Fonts\\NirmalaB.ttf', name='Nirmala UI', style='normal', variant='normal', weight=700, stretch='normal', size='scalable')) = 10.335
2026-09-20 14:47:04,635 [DEBUG] matplotlib.font_manager _findfont_cached: findfont: score(FontEntry(fname='C:\\Windows\\Fonts\\GOTHICB.TTF', name='Century Gothic', style='normal', variant='normal', weight=700, stretch='normal', size='scalable')) = 10.335
2026-09-20 14:47:04,636 [DEBUG] matplotlib.font_manager _findfont_cached: findfont: score(FontEntry(fname='C:\\Windows\\Fonts\\GARAIT.TTF', name='Garamond', style='italic', variant='normal', weight=400, stretch='normal', size='scalable')) = 11.05
2026-09-20 14:47:04,636 [DEBUG] matplotlib.font_manager _findfont_cached: findfont: score(FontEntry(fname='C:\\Windows\\Fonts\\verdanaz.ttf', name='Verdana', style='italic', variant='normal', weight=700, stretch='normal', size='scalable')) = 4.971363636363637
2026-09-20 14:47:04,636 [DEBUG] matplotlib.font_manager _findfont_cached: findfont: score(FontEntry(fname='C:\\Windows\\Fonts\\framdit.ttf', name='Franklin Gothic Medium', style='italic', variant='normal', weight=400, stretch='normal', size='scalable')) = 11.05
2026-09-20 14:47:04,637 [DEBUG] matplotlib.font_manager _findfont_cached: findfont: score(FontEntry(fname='C:\\Windows\\Fonts\\ntailub.ttf', name='Microsoft New Tai Lue', style='normal', variant='normal', weight=700, stretch='normal', size='scalable')) = 10.335
2026-09-20 14:47:04,637 [DEBUG] matplotlib.font_manager _findfont_cached: findfont: score(FontEntry(fname='C:\\Windows\\Fonts\\DUBAI-BOLD.TTF', name='Dubai', style='normal', variant='normal', weight=700, stretch='normal', size='scalable')) = 10.335
2026-09-20 14:47:04,637 [DEBUG] matplotlib.font_manager _findfont_cached: findfont: score(FontEntry(fname='C:\\Windows\\Fonts\\LeelUIsl.ttf', name='Leelawadee UI', style='normal', variant='normal', weight=350, stretch='normal', size='scalable')) = 10.0975
2026-09-20 14:47:04,637 [DEBUG] matplotlib.font_manager _findfont_cached: findfont: score(FontEntry(fname='C:\\Windows\\Fonts\\palai.ttf', name='Palatino Linotype', style='italic', variant='normal', weight=400, stretch='normal', size='scalable')) = 11.05
2026-09-20 14:47:04,638 [DEBUG] matplotlib.font_manager _findfont_cached: findfont: score(FontEntry(fname='C:\\Windows\\Fonts\\DUBAI-MEDIUM.TTF', name='Dubai', style='normal', variant='normal', weight=500, stretch='normal', size='scalable')) = 10.145
2026-09-20 14:47:04,639 [DEBUG] matplotlib.font_manager _findfont_cached: findfont: score(FontEntry(fname='C:\\Windows\\Fonts\\Gabriola.ttf', name='Gabriola', style='normal', variant='normal', weight=400, stretch='normal', size='scalable')) = 10.05
2026-09-20 14:47:04,640 [DEBUG] matplotlib.font_manager _findfont_cached: findfont: score(FontEntry(fname='C:\\Windows\\Fonts\\Inkfree.ttf', name='Ink Free', style='normal', variant='normal', weight=400, stretch='normal', size='scalable')) = 10.05
2026-09-20 14:47:04,640 [DEBUG] matplotlib.font_manager _findfont_cached: findfont: score(FontEntry(fname='C:\\Windows\\Fonts\\wingding.ttf', name='Wingdings', style='normal', variant='normal', weight=400, stretch='normal', size='scalable')) = 10.05
2026-09-20 14:47:04,640 [DEBUG] matplotlib.font_manager _findfont_cached: findfont: score(FontEntry(fname='C:\\Windows\\Fonts\\verdanai.ttf', name='Verdana', style='italic', variant='normal', weight=400, stretch='normal', size='scalable')) = 4.6863636363636365
2026-09-20 14:47:04,640 [DEBUG] matplotlib.font_manager _findfont_cached: findfont: score(FontEntry(fname='C:\\Windows\\Fonts\\corbelz.ttf', name='Corbel', style='italic', variant='normal', weight=700, stretch='normal', size='scalable')) = 11.335
2026-09-20 14:47:04,641 [DEBUG] matplotlib.font_manager _findfont_cached: findfont: score(FontEntry(fname='C:\\Windows\\Fonts\\consola.ttf', name='Consolas', style='normal', variant='normal', weight=400, stretch='normal', size='scalable')) = 10.05
2026-09-20 14:47:04,641 [DEBUG] matplotlib.font_manager _findfont_cached: findfont: score(FontEntry(fname='C:\\Windows\\Fonts\\comici.ttf', name='Comic Sans MS', style='italic', variant='normal', weight=400, stretch='normal', size='scalable')) = 11.05
2026-09-20 14:47:04,641 [DEBUG] matplotlib.font_manager _findfont_cached: findfont: score(FontEntry(fname='C:\\Windows\\Fonts\\seguisym.ttf', name='Segoe UI Symbol', style='normal', variant='normal', weight=400, stretch='normal', size='scalable')) = 10.05
2026-09-20 14:47:04,641 [DEBUG] matplotlib.font_manager _findfont_cached: findfont: score(FontEntry(fname='C:\\Windows\\Fonts\\DUBAI-LIGHT.TTF', name='Dubai', style='normal', variant='normal', weight=300, stretch='normal', size='scalable')) = 10.145
2026-09-20 14:47:04,641 [DEBUG] matplotlib.font_manager _findfont_cached: findfont: score(FontEntry(fname='C:\\Windows\\Fonts\\BOOKOSBI.TTF', name='Bookman Old Style', style='italic', variant='normal', weight=600, stretch='normal', size='scalable')) = 11.24
2026-09-20 14:47:04,642 [DEBUG] matplotlib.font_manager _findfont_cached: findfont: score(FontEntry(fname='C:\\Windows\\Fonts\\ebrimabd.ttf', name='Ebrima', style='normal', variant='normal', weight=700, stretch='normal', size='scalable')) = 10.335
2026-09-20 14:47:04,642 [DEBUG] matplotlib.font_manager _findfont_cached: findfont: score(FontEntry(fname='C:\\Windows\\Fonts\\comicz.ttf', name='Comic Sans MS', style='italic', variant='normal', weight=700, stretch='normal', size='scalable')) = 11.335
2026-09-20 14:47:04,642 [DEBUG] matplotlib.font_manager _findfont_cached: findfont: score(FontEntry(fname='C:\\Windows\\Fonts\\HGRMB.TTC', name='HGMinchoB', style='normal', variant='normal', weight=400, stretch='normal', size='scalable')) = 10.05
2026-09-20 14:47:04,642 [DEBUG] matplotlib.font_manager _findfont_cached: findfont: score(FontEntry(fname='C:\\Windows\\Fonts\\HGRGE.TTC', name='HGGothicE', style='normal', variant='normal', weight=400, stretch='normal', size='scalable')) = 10.05
2026-09-20 14:47:04,642 [DEBUG] matplotlib.font_manager _findfont_cached: findfont: score(FontEntry(fname='C:\\Windows\\Fonts\\himalaya.ttf', name='Microsoft Himalaya', style='normal', variant='normal', weight=400, stretch='normal', size='scalable')) = 10.05
2026-09-20 14:47:04,643 [DEBUG] matplotlib.font_manager _findfont_cached: findfont: score(FontEntry(fname='C:\\Windows\\Fonts\\msjh.ttc', name='Microsoft JhengHei', style='normal', variant='normal', weight=400, stretch='normal', size='scalable')) = 10.05
2026-09-20 14:47:04,643 [DEBUG] matplotlib.font_manager _findfont_cached: findfont: Matching sans\-serif:style=normal:variant=normal:weight=normal:stretch=normal:size=10.0 to DejaVu Sans ('C:\\Users\\fujit\\AppData\\Local\\Programs\\Python\\Python313\\Lib\\site-packages\\matplotlib\\mpl-data\\fonts\\ttf\\DejaVuSans.ttf') with score of 0.050000.
2026-09-20 14:47:04,726 [INFO] __main__ run: Starting real-time visualization. Press the 'Quit' button or close the window to exit.
2026-09-20 14:47:04,756 [WARNING] __main__ run: MIN2 processing error: 点不足
2026-09-20 14:47:04,783 [WARNING] __main__ run: MIN2 processing error: 点不足
2026-09-20 14:47:04,803 [WARNING] __main__ run: MIN2 processing error: 点不足
2026-09-20 14:47:04,832 [WARNING] __main__ run: MIN2 processing error: 点不足
2026-09-20 14:47:04,852 [WARNING] __main__ run: MIN2 processing error: 点不足
2026-09-20 14:47:04,873 [WARNING] __main__ run: MIN2 processing error: 点不足
2026-09-20 14:47:04,893 [WARNING] __main__ run: MIN2 processing error: 点不足
2026-09-20 14:47:04,917 [WARNING] __main__ run: MIN2 processing error: 点不足
2026-09-20 14:47:04,938 [WARNING] __main__ run: MIN2 processing error: 点不足
2026-09-20 14:47:04,960 [WARNING] __main__ run: MIN2 processing error: 点不足
2026-09-20 14:47:04,979 [WARNING] __main__ run: MIN2 processing error: 点不足
2026-09-20 14:47:05,001 [WARNING] __main__ run: MIN2 processing error: 点不足
2026-09-20 14:47:05,023 [WARNING] __main__ run: MIN2 processing error: 点不足
2026-09-20 14:47:05,045 [WARNING] __main__ run: MIN2 processing error: 点不足
2026-09-20 14:47:05,068 [WARNING] __main__ run: Visualizer update failed: cannot access local variable 'vectorYX' where it is not associated with a value
2026-09-20 14:47:05,088 [WARNING] __main__ run: MIN2 processing error: 点不足
2026-09-20 14:47:05,107 [WARNING] __main__ run: MIN2 processing error: 点不足
2026-09-20 14:47:05,126 [WARNING] __main__ run: MIN2 processing error: 点不足
2026-09-20 14:47:05,142 [WARNING] __main__ run: MIN2 processing error: 点不足
2026-09-20 14:47:05,158 [WARNING] __main__ run: MIN2 processing error: 点不足
2026-09-20 14:47:05,174 [WARNING] __main__ run: MIN2 processing error: 点不足
2026-09-20 14:47:05,191 [WARNING] __main__ run: MIN2 processing error: 点不足
2026-09-20 14:47:05,207 [WARNING] __main__ run: MIN2 processing error: 点不足
2026-09-20 14:47:05,223 [WARNING] __main__ run: MIN2 processing error: 点不足
2026-09-20 14:47:05,240 [WARNING] __main__ run: MIN2 processing error: 点不足
2026-09-20 14:47:05,256 [WARNING] __main__ run: MIN2 processing error: 点不足
2026-09-20 14:47:05,271 [WARNING] __main__ run: MIN2 processing error: 点不足
2026-09-20 14:47:05,288 [WARNING] __main__ run: MIN2 processing error: 点不足
2026-09-20 14:47:05,304 [WARNING] __main__ run: MIN2 processing error: 点不足
2026-09-20 14:47:05,321 [WARNING] __main__ run: MIN2 processing error: 点不足
2026-09-20 14:47:05,338 [WARNING] __main__ run: MIN2 processing error: 点不足
2026-09-20 14:47:05,354 [WARNING] __main__ run: MIN2 processing error: 点不足
2026-09-20 14:47:05,373 [WARNING] __main__ run: Visualizer update failed: cannot access local variable 'vectorYX' where it is not associated with a value
2026-09-20 14:47:05,389 [WARNING] __main__ run: MIN2 processing error: 点不足
2026-09-20 14:47:05,405 [WARNING] __main__ run: MIN2 processing error: 点不足
2026-09-20 14:47:05,421 [WARNING] __main__ run: MIN2 processing error: 点不足
2026-09-20 14:47:05,437 [WARNING] __main__ run: MIN2 processing error: 点不足
2026-09-20 14:47:05,454 [WARNING] __main__ run: MIN2 processing error: 点不足
2026-09-20 14:47:05,471 [WARNING] __main__ run: MIN2 processing error: 点不足
2026-09-20 14:47:05,487 [WARNING] __main__ run: MIN2 processing error: 点不足
2026-09-20 14:47:05,503 [WARNING] __main__ run: MIN2 processing error: 点不足
2026-09-20 14:47:05,520 [WARNING] __main__ run: MIN2 processing error: 点不足
2026-09-20 14:47:05,536 [WARNING] __main__ run: MIN2 processing error: 点不足
2026-09-20 14:47:05,553 [WARNING] __main__ run: MIN2 processing error: 点不足
2026-09-20 14:47:05,570 [WARNING] __main__ run: MIN2 processing error: 点不足
2026-09-20 14:47:05,586 [WARNING] __main__ run: MIN2 processing error: 点不足
2026-09-20 14:47:05,602 [WARNING] __main__ run: MIN2 processing error: 点不足
2026-09-20 14:47:05,619 [WARNING] __main__ run: MIN2 processing error: 点不足
2026-09-20 14:47:05,737 [DEBUG] matplotlib.font_manager _findfont_cached: findfont: Matching monospace:style=normal:variant=normal:weight=normal:stretch=normal:size=13.0.
2026-09-20 14:47:05,738 [DEBUG] matplotlib.font_manager _findfont_cached: findfont: score(FontEntry(fname='C:\\Users\\fujit\\AppData\\Local\\Programs\\Python\\Python313\\Lib\\site-packages\\matplotlib\\mpl-data\\fonts\\ttf\\DejaVuSansMono-Oblique.ttf', name='DejaVu Sans Mono', style='oblique', variant='normal', weight=400, stretch='normal', size='scalable')) = 1.05
2026-09-20 14:47:05,738 [DEBUG] matplotlib.font_manager _findfont_cached: findfont: score(FontEntry(fname='C:\\Users\\fujit\\AppData\\Local\\Programs\\Python\\Python313\\Lib\\site-packages\\matplotlib\\mpl-data\\fonts\\ttf\\cmsy10.ttf', name='cmsy10', style='normal', variant='normal', weight=400, stretch='normal', size='scalable')) = 10.05
2026-09-20 14:47:05,738 [DEBUG] matplotlib.font_manager _findfont_cached: findfont: score(FontEntry(fname='C:\\Users\\fujit\\AppData\\Local\\Programs\\Python\\Python313\\Lib\\site-packages\\matplotlib\\mpl-data\\fonts\\ttf\\DejaVuSerif-BoldItalic.ttf', name='DejaVu Serif', style='italic', variant='normal', weight=700, stretch='normal', size='scalable')) = 11.335
2026-09-20 14:47:05,739 [DEBUG] matplotlib.font_manager _findfont_cached: findfont: score(FontEntry(fname='C:\\Users\\fujit\\AppData\\Local\\Programs\\Python\\Python313\\Lib\\site-packages\\matplotlib\\mpl-data\\fonts\\ttf\\STIXNonUniBol.ttf', name='STIXNonUnicode', style='normal', variant='normal', weight=700, stretch='normal', size='scalable')) = 10.335
2026-09-20 14:47:05,739 [DEBUG] matplotlib.font_manager _findfont_cached: findfont: score(FontEntry(fname='C:\\Users\\fujit\\AppData\\Local\\Programs\\Python\\Python313\\Lib\\site-packages\\matplotlib\\mpl-data\\fonts\\ttf\\DejaVuSans-Oblique.ttf', name='DejaVu Sans', style='oblique', variant='normal', weight=400, stretch='normal', size='scalable')) = 11.05
2026-09-20 14:47:05,739 [DEBUG] matplotlib.font_manager _findfont_cached: findfont: score(FontEntry(fname='C:\\Users\\fujit\\AppData\\Local\\Programs\\Python\\Python313\\Lib\\site-packages\\matplotlib\\mpl-data\\fonts\\ttf\\cmex10.ttf', name='cmex10', style='normal', variant='normal', weight=400, stretch='normal', size='scalable')) = 10.05
2026-09-20 14:47:05,739 [DEBUG] matplotlib.font_manager _findfont_cached: findfont: score(FontEntry(fname='C:\\Users\\fujit\\AppData\\Local\\Programs\\Python\\Python313\\Lib\\site-packages\\matplotlib\\mpl-data\\fonts\\ttf\\DejaVuSerif.ttf', name='DejaVu Serif', style='normal', variant='normal', weight=400, stretch='normal', size='scalable')) = 10.05
2026-09-20 14:47:05,739 [DEBUG] matplotlib.font_manager _findfont_cached: findfont: score(FontEntry(fname='C:\\Users\\fujit\\AppData\\Local\\Programs\\Python\\Python313\\Lib\\site-packages\\matplotlib\\mpl-data\\fonts\\ttf\\STIXNonUni.ttf', name='STIXNonUnicode', style='normal', variant='normal', weight=400, stretch='normal', size='scalable')) = 10.05
2026-09-20 14:47:05,739 [DEBUG] matplotlib.font_manager _findfont_cached: findfont: score(FontEntry(fname='C:\\Users\\fujit\\AppData\\Local\\Programs\\Python\\Python313\\Lib\\site-packages\\matplotlib\\mpl-data\\fonts\\ttf\\DejaVuSansDisplay.ttf', name='DejaVu Sans Display', style='normal', variant='normal', weight=400, stretch='normal', size='scalable')) = 10.05
2026-09-20 14:47:05,740 [DEBUG] matplotlib.font_manager _findfont_cached: findfont: score(FontEntry(fname='C:\\Users\\fujit\\AppData\\Local\\Programs\\Python\\Python313\\Lib\\site-packages\\matplotlib\\mpl-data\\fonts\\ttf\\DejaVuSans-Bold.ttf', name='DejaVu Sans', style='normal', variant='normal', weight=700, stretch='normal', size='scalable')) = 10.335
2026-09-20 14:47:05,740 [DEBUG] matplotlib.font_manager _findfont_cached: findfont: score(FontEntry(fname='C:\\Users\\fujit\\AppData\\Local\\Programs\\Python\\Python313\\Lib\\site-packages\\matplotlib\\mpl-data\\fonts\\ttf\\DejaVuSans-BoldOblique.ttf', name='DejaVu Sans', style='oblique', variant='normal', weight=700, stretch='normal', size='scalable')) = 11.335
2026-09-20 14:47:05,740 [DEBUG] matplotlib.font_manager _findfont_cached: findfont: score(FontEntry(fname='C:\\Users\\fujit\\AppData\\Local\\Programs\\Python\\Python313\\Lib\\site-packages\\matplotlib\\mpl-data\\fonts\\ttf\\STIXNonUniBolIta.ttf', name='STIXNonUnicode', style='italic', variant='normal', weight=700, stretch='normal', size='scalable')) = 11.335
2026-09-20 14:47:05,740 [DEBUG] matplotlib.font_manager _findfont_cached: findfont: score(FontEntry(fname='C:\\Users\\fujit\\AppData\\Local\\Programs\\Python\\Python313\\Lib\\site-packages\\matplotlib\\mpl-data\\fonts\\ttf\\STIXSizOneSymBol.ttf', name='STIXSizeOneSym', style='normal', variant='normal', weight=700, stretch='normal', size='scalable')) = 10.335
2026-09-20 14:47:05,740 [DEBUG] matplotlib.font_manager _findfont_cached: findfont: score(FontEntry(fname='C:\\Users\\fujit\\AppData\\Local\\Programs\\Python\\Python313\\Lib\\site-packages\\matplotlib\\mpl-data\\fonts\\ttf\\STIXSizOneSymReg.ttf', name='STIXSizeOneSym', style='normal', variant='normal', weight=400, stretch='normal', size='scalable')) = 10.05
2026-09-20 14:47:05,740 [DEBUG] matplotlib.font_manager _findfont_cached: findfont: score(FontEntry(fname='C:\\Users\\fujit\\AppData\\Local\\Programs\\Python\\Python313\\Lib\\site-packages\\matplotlib\\mpl-data\\fonts\\ttf\\STIXSizFourSymReg.ttf', name='STIXSizeFourSym', style='normal', variant='normal', weight=400, stretch='normal', size='scalable')) = 10.05
2026-09-20 14:47:05,740 [DEBUG] matplotlib.font_manager _findfont_cached: findfont: score(FontEntry(fname='C:\\Users\\fujit\\AppData\\Local\\Programs\\Python\\Python313\\Lib\\site-packages\\matplotlib\\mpl-data\\fonts\\ttf\\cmr10.ttf', name='cmr10', style='normal', variant='normal', weight=400, stretch='normal', size='scalable')) = 10.05
2026-09-20 14:47:05,740 [DEBUG] matplotlib.font_manager _findfont_cached: findfont: score(FontEntry(fname='C:\\Users\\fujit\\AppData\\Local\\Programs\\Python\\Python313\\Lib\\site-packages\\matplotlib\\mpl-data\\fonts\\ttf\\cmtt10.ttf', name='cmtt10', style='normal', variant='normal', weight=400, stretch='normal', size='scalable')) = 10.05
2026-09-20 14:47:05,741 [DEBUG] matplotlib.font_manager _findfont_cached: findfont: score(FontEntry(fname='C:\\Users\\fujit\\AppData\\Local\\Programs\\Python\\Python313\\Lib\\site-packages\\matplotlib\\mpl-data\\fonts\\ttf\\DejaVuSans.ttf', name='DejaVu Sans', style='normal', variant='normal', weight=400, stretch='normal', size='scalable')) = 10.05
2026-09-20 14:47:05,742 [DEBUG] matplotlib.font_manager _findfont_cached: findfont: score(FontEntry(fname='C:\\Users\\fujit\\AppData\\Local\\Programs\\Python\\Python313\\Lib\\site-packages\\matplotlib\\mpl-data\\fonts\\ttf\\STIXGeneral.ttf', name='STIXGeneral', style='normal', variant='normal', weight=400, stretch='normal', size='scalable')) = 10.05
2026-09-20 14:47:05,742 [DEBUG] matplotlib.font_manager _findfont_cached: findfont: score(FontEntry(fname='C:\\Users\\fujit\\AppData\\Local\\Programs\\Python\\Python313\\Lib\\site-packages\\matplotlib\\mpl-data\\fonts\\ttf\\STIXGeneralItalic.ttf', name='STIXGeneral', style='italic', variant='normal', weight=400, stretch='normal', size='scalable')) = 11.05
2026-09-20 14:47:05,742 [DEBUG] matplotlib.font_manager _findfont_cached: findfont: score(FontEntry(fname='C:\\Users\\fujit\\AppData\\Local\\Programs\\Python\\Python313\\Lib\\site-packages\\matplotlib\\mpl-data\\fonts\\ttf\\STIXSizFourSymBol.ttf', name='STIXSizeFourSym', style='normal', variant='normal', weight=700, stretch='normal', size='scalable')) = 10.335
2026-09-20 14:47:05,742 [DEBUG] matplotlib.font_manager _findfont_cached: findfont: score(FontEntry(fname='C:\\Users\\fujit\\AppData\\Local\\Programs\\Python\\Python313\\Lib\\site-packages\\matplotlib\\mpl-data\\fonts\\ttf\\cmss10.ttf', name='cmss10', style='normal', variant='normal', weight=400, stretch='normal', size='scalable')) = 10.05
2026-09-20 14:47:05,743 [DEBUG] matplotlib.font_manager _findfont_cached: findfont: score(FontEntry(fname='C:\\Users\\fujit\\AppData\\Local\\Programs\\Python\\Python313\\Lib\\site-packages\\matplotlib\\mpl-data\\fonts\\ttf\\DejaVuSerif-Bold.ttf', name='DejaVu Serif', style='normal', variant='normal', weight=700, stretch='normal', size='scalable')) = 10.335
2026-09-20 14:47:05,743 [DEBUG] matplotlib.font_manager _findfont_cached: findfont: score(FontEntry(fname='C:\\Users\\fujit\\AppData\\Local\\Programs\\Python\\Python313\\Lib\\site-packages\\matplotlib\\mpl-data\\fonts\\ttf\\DejaVuSerifDisplay.ttf', name='DejaVu Serif Display', style='normal', variant='normal', weight=400, stretch='normal', size='scalable')) = 10.05
2026-09-20 14:47:05,743 [DEBUG] matplotlib.font_manager _findfont_cached: findfont: score(FontEntry(fname='C:\\Users\\fujit\\AppData\\Local\\Programs\\Python\\Python313\\Lib\\site-packages\\matplotlib\\mpl-data\\fonts\\ttf\\STIXSizThreeSymReg.ttf', name='STIXSizeThreeSym', style='normal', variant='normal', weight=400, stretch='normal', size='scalable')) = 10.05
2026-09-20 14:47:05,743 [DEBUG] matplotlib.font_manager _findfont_cached: findfont: score(FontEntry(fname='C:\\Users\\fujit\\AppData\\Local\\Programs\\Python\\Python313\\Lib\\site-packages\\matplotlib\\mpl-data\\fonts\\ttf\\DejaVuSansMono-BoldOblique.ttf', name='DejaVu Sans Mono', style='oblique', variant='normal', weight=700, stretch='normal', size='scalable')) = 1.335
2026-09-20 14:47:05,743 [DEBUG] matplotlib.font_manager _findfont_cached: findfont: score(FontEntry(fname='C:\\Users\\fujit\\AppData\\Local\\Programs\\Python\\Python313\\Lib\\site-packages\\matplotlib\\mpl-data\\fonts\\ttf\\DejaVuSerif-Italic.ttf', name='DejaVu Serif', style='italic', variant='normal', weight=400, stretch='normal', size='scalable')) = 11.05
2026-09-20 14:47:05,743 [DEBUG] matplotlib.font_manager _findfont_cached: findfont: score(FontEntry(fname='C:\\Users\\fujit\\AppData\\Local\\Programs\\Python\\Python313\\Lib\\site-packages\\matplotlib\\mpl-data\\fonts\\ttf\\STIXGeneralBol.ttf', name='STIXGeneral', style='normal', variant='normal', weight=700, stretch='normal', size='scalable')) = 10.335
2026-09-20 14:47:05,743 [DEBUG] matplotlib.font_manager _findfont_cached: findfont: score(FontEntry(fname='C:\\Users\\fujit\\AppData\\Local\\Programs\\Python\\Python313\\Lib\\site-packages\\matplotlib\\mpl-data\\fonts\\ttf\\STIXGeneralBolIta.ttf', name='STIXGeneral', style='italic', variant='normal', weight=700, stretch='normal', size='scalable')) = 11.335
2026-09-20 14:47:05,744 [DEBUG] matplotlib.font_manager _findfont_cached: findfont: score(FontEntry(fname='C:\\Users\\fujit\\AppData\\Local\\Programs\\Python\\Python313\\Lib\\site-packages\\matplotlib\\mpl-data\\fonts\\ttf\\DejaVuSansMono-Bold.ttf', name='DejaVu Sans Mono', style='normal', variant='normal', weight=700, stretch='normal', size='scalable')) = 0.33499999999999996
2026-09-20 14:47:05,744 [DEBUG] matplotlib.font_manager _findfont_cached: findfont: score(FontEntry(fname='C:\\Users\\fujit\\AppData\\Local\\Programs\\Python\\Python313\\Lib\\site-packages\\matplotlib\\mpl-data\\fonts\\ttf\\STIXSizFiveSymReg.ttf', name='STIXSizeFiveSym', style='normal', variant='normal', weight=400, stretch='normal', size='scalable')) = 10.05
2026-09-20 14:47:05,744 [DEBUG] matplotlib.font_manager _findfont_cached: findfont: score(FontEntry(fname='C:\\Users\\fujit\\AppData\\Local\\Programs\\Python\\Python313\\Lib\\site-packages\\matplotlib\\mpl-data\\fonts\\ttf\\STIXSizTwoSymBol.ttf', name='STIXSizeTwoSym', style='normal', variant='normal', weight=700, stretch='normal', size='scalable')) = 10.335
2026-09-20 14:47:05,744 [DEBUG] matplotlib.font_manager _findfont_cached: findfont: score(FontEntry(fname='C:\\Users\\fujit\\AppData\\Local\\Programs\\Python\\Python313\\Lib\\site-packages\\matplotlib\\mpl-data\\fonts\\ttf\\DejaVuSansMono.ttf', name='DejaVu Sans Mono', style='normal', variant='normal', weight=400, stretch='normal', size='scalable')) = 0.05
2026-09-20 14:47:05,744 [DEBUG] matplotlib.font_manager _findfont_cached: findfont: score(FontEntry(fname='C:\\Users\\fujit\\AppData\\Local\\Programs\\Python\\Python313\\Lib\\site-packages\\matplotlib\\mpl-data\\fonts\\ttf\\STIXNonUniIta.ttf', name='STIXNonUnicode', style='italic', variant='normal', weight=400, stretch='normal', size='scalable')) = 11.05
2026-09-20 14:47:05,744 [DEBUG] matplotlib.font_manager _findfont_cached: findfont: score(FontEntry(fname='C:\\Users\\fujit\\AppData\\Local\\Programs\\Python\\Python313\\Lib\\site-packages\\matplotlib\\mpl-data\\fonts\\ttf\\STIXSizTwoSymReg.ttf', name='STIXSizeTwoSym', style='normal', variant='normal', weight=400, stretch='normal', size='scalable')) = 10.05
2026-09-20 14:47:05,744 [DEBUG] matplotlib.font_manager _findfont_cached: findfont: score(FontEntry(fname='C:\\Users\\fujit\\AppData\\Local\\Programs\\Python\\Python313\\Lib\\site-packages\\matplotlib\\mpl-data\\fonts\\ttf\\cmb10.ttf', name='cmb10', style='normal', variant='normal', weight=400, stretch='normal', size='scalable')) = 10.05
2026-09-20 14:47:05,745 [DEBUG] matplotlib.font_manager _findfont_cached: findfont: score(FontEntry(fname='C:\\Users\\fujit\\AppData\\Local\\Programs\\Python\\Python313\\Lib\\site-packages\\matplotlib\\mpl-data\\fonts\\ttf\\STIXSizThreeSymBol.ttf', name='STIXSizeThreeSym', style='normal', variant='normal', weight=700, stretch='normal', size='scalable')) = 10.335
2026-09-20 14:47:05,745 [DEBUG] matplotlib.font_manager _findfont_cached: findfont: score(FontEntry(fname='C:\\Users\\fujit\\AppData\\Local\\Programs\\Python\\Python313\\Lib\\site-packages\\matplotlib\\mpl-data\\fonts\\ttf\\cmmi10.ttf', name='cmmi10', style='normal', variant='normal', weight=400, stretch='normal', size='scalable')) = 10.05
2026-09-20 14:47:05,745 [DEBUG] matplotlib.font_manager _findfont_cached: findfont: score(FontEntry(fname='C:\\Windows\\Fonts\\pala.ttf', name='Palatino Linotype', style='normal', variant='normal', weight=400, stretch='normal', size='scalable')) = 10.05
2026-09-20 14:47:05,745 [DEBUG] matplotlib.font_manager _findfont_cached: findfont: score(FontEntry(fname='C:\\Windows\\Fonts\\ITCKRIST.TTF', name='Kristen ITC', style='normal', variant='normal', weight=400, stretch='normal', size='scalable')) = 10.05
2026-09-20 14:47:05,746 [DEBUG] matplotlib.font_manager _findfont_cached: findfont: score(FontEntry(fname='C:\\Windows\\Fonts\\courbi.ttf', name='Courier New', style='italic', variant='normal', weight=700, stretch='normal', size='scalable')) = 6.335
2026-09-20 14:47:05,746 [DEBUG] matplotlib.font_manager _findfont_cached: findfont: score(FontEntry(fname='C:\\Windows\\Fonts\\constanz.ttf', name='Constantia', style='italic', variant='normal', weight=700, stretch='normal', size='scalable')) = 11.335
2026-09-20 14:47:05,746 [DEBUG] matplotlib.font_manager _findfont_cached: findfont: score(FontEntry(fname='C:\\Windows\\Fonts\\ANTQUAI.TTF', name='Book Antiqua', style='italic', variant='normal', weight=400, stretch='normal', size='scalable')) = 11.05
2026-09-20 14:47:05,746 [DEBUG] matplotlib.font_manager _findfont_cached: findfont: score(FontEntry(fname='C:\\Windows\\Fonts\\HGRGY.TTC', name='HGGyoshotai', style='normal', variant='normal', weight=400, stretch='normal', size='scalable')) = 10.05
2026-09-20 14:47:05,747 [DEBUG] matplotlib.font_manager _findfont_cached: findfont: score(FontEntry(fname='C:\\Windows\\Fonts\\Candara.ttf', name='Candara', style='normal', variant='normal', weight=400, stretch='normal', size='scalable')) = 10.05
2026-09-20 14:47:05,747 [DEBUG] matplotlib.font_manager _findfont_cached: findfont: score(FontEntry(fname='C:\\Windows\\Fonts\\msjhl.ttc', name='Microsoft JhengHei', style='normal', variant='normal', weight=290, stretch='normal', size='scalable')) = 10.1545
2026-09-20 14:47:05,747 [DEBUG] matplotlib.font_manager _findfont_cached: findfont: score(FontEntry(fname='C:\\Windows\\Fonts\\yumin.ttf', name='Yu Mincho', style='normal', variant='normal', weight=400, stretch='normal', size='scalable')) = 10.05
2026-09-20 14:47:05,747 [DEBUG] matplotlib.font_manager _findfont_cached: findfont: score(FontEntry(fname='C:\\Windows\\Fonts\\constanb.ttf', name='Constantia', style='normal', variant='normal', weight=700, stretch='normal', size='scalable')) = 10.335
2026-09-20 14:47:05,747 [DEBUG] matplotlib.font_manager _findfont_cached: findfont: score(FontEntry(fname='C:\\Windows\\Fonts\\calibril.ttf', name='Calibri', style='normal', variant='normal', weight=300, stretch='normal', size='scalable')) = 10.145
2026-09-20 14:47:05,748 [DEBUG] matplotlib.font_manager _findfont_cached: findfont: score(FontEntry(fname='C:\\Windows\\Fonts\\msyh.ttc', name='Microsoft YaHei', style='normal', variant='normal', weight=400, stretch='normal', size='scalable')) = 10.05
2026-09-20 14:47:05,748 [DEBUG] matplotlib.font_manager _findfont_cached: findfont: score(FontEntry(fname='C:\\Windows\\Fonts\\LEELAWDB.TTF', name='Leelawadee', style='normal', variant='normal', weight=700, stretch='normal', size='scalable')) = 10.335
2026-09-20 14:47:05,748 [DEBUG] matplotlib.font_manager _findfont_cached: findfont: score(FontEntry(fname='C:\\Windows\\Fonts\\msyhl.ttc', name='Microsoft YaHei', style='normal', variant='normal', weight=290, stretch='normal', size='scalable')) = 10.1545
2026-09-20 14:47:05,748 [DEBUG] matplotlib.font_manager _findfont_cached: findfont: score(FontEntry(fname='C:\\Windows\\Fonts\\ARIALNB.TTF', name='Arial', style='normal', variant='normal', weight=700, stretch='condensed', size='scalable')) = 10.535
2026-09-20 14:47:05,748 [DEBUG] matplotlib.font_manager _findfont_cached: findfont: score(FontEntry(fname='C:\\Windows\\Fonts\\FREESCPT.TTF', name='Freestyle Script', style='normal', variant='normal', weight=400, stretch='normal', size='scalable')) = 10.05
2026-09-20 14:47:05,748 [DEBUG] matplotlib.font_manager _findfont_cached: findfont: score(FontEntry(fname='C:\\Windows\\Fonts\\DUBAI-REGULAR.TTF', name='Dubai', style='normal', variant='normal', weight=400, stretch='normal', size='scalable')) = 10.05
2026-09-20 14:47:05,749 [DEBUG] matplotlib.font_manager _findfont_cached: findfont: score(FontEntry(fname='C:\\Windows\\Fonts\\TEMPSITC.TTF', name='Tempus Sans ITC', style='normal', variant='normal', weight=400, stretch='normal', size='scalable')) = 10.05
2026-09-20 14:47:05,749 [DEBUG] matplotlib.font_manager _findfont_cached: findfont: score(FontEntry(fname='C:\\Windows\\Fonts\\PAPYRUS.TTF', name='Papyrus', style='normal', variant='normal', weight=400, stretch='normal', size='scalable')) = 10.05
2026-09-20 14:47:05,749 [DEBUG] matplotlib.font_manager _findfont_cached: findfont: score(FontEntry(fname='C:\\Windows\\Fonts\\cambriai.ttf', name='Cambria', style='italic', variant='normal', weight=400, stretch='normal', size='scalable')) = 11.05
2026-09-20 14:47:05,749 [DEBUG] matplotlib.font_manager _findfont_cached: findfont: score(FontEntry(fname='C:\\Windows\\Fonts\\WINGDNG2.TTF', name='Wingdings 2', style='normal', variant='normal', weight=400, stretch='normal', size='scalable')) = 10.05
2026-09-20 14:47:05,749 [DEBUG] matplotlib.font_manager _findfont_cached: findfont: score(FontEntry(fname='C:\\Windows\\Fonts\\corbeli.ttf', name='Corbel', style='italic', variant='normal', weight=400, stretch='normal', size='scalable')) = 11.05
2026-09-20 14:47:05,749 [DEBUG] matplotlib.font_manager _findfont_cached: findfont: score(FontEntry(fname='C:\\Windows\\Fonts\\YuGothM.ttc', name='Yu Gothic', style='normal', variant='normal', weight=500, stretch='normal', size='scalable')) = 10.145
2026-09-20 14:47:05,749 [DEBUG] matplotlib.font_manager _findfont_cached: findfont: score(FontEntry(fname='C:\\Windows\\Fonts\\Candarab.ttf', name='Candara', style='normal', variant='normal', weight=700, stretch='normal', size='scalable')) = 10.335
2026-09-20 14:47:05,750 [DEBUG] matplotlib.font_manager _findfont_cached: findfont: score(FontEntry(fname='C:\\Windows\\Fonts\\meiryo.ttc', name='Meiryo', style='normal', variant='normal', weight=400, stretch='normal', size='scalable')) = 10.05
2026-09-20 14:47:05,750 [DEBUG] matplotlib.font_manager _findfont_cached: findfont: score(FontEntry(fname='C:\\Windows\\Fonts\\corbel.ttf', name='Corbel', style='normal', variant='normal', weight=400, stretch='normal', size='scalable')) = 10.05
2026-09-20 14:47:05,750 [DEBUG] matplotlib.font_manager _findfont_cached: findfont: score(FontEntry(fname='C:\\Windows\\Fonts\\Candaral.ttf', name='Candara', style='normal', variant='normal', weight=400, stretch='normal', size='scalable')) = 10.05
2026-09-20 14:47:05,750 [DEBUG] matplotlib.font_manager _findfont_cached: findfont: score(FontEntry(fname='C:\\Windows\\Fonts\\segoesc.ttf', name='Segoe Script', style='normal', variant='normal', weight=400, stretch='normal', size='scalable')) = 10.05
2026-09-20 14:47:05,750 [DEBUG] matplotlib.font_manager _findfont_cached: findfont: score(FontEntry(fname='C:\\Windows\\Fonts\\georgiai.ttf', name='Georgia', style='italic', variant='normal', weight=400, stretch='normal', size='scalable')) = 11.05
2026-09-20 14:47:05,750 [DEBUG] matplotlib.font_manager _findfont_cached: findfont: score(FontEntry(fname='C:\\Windows\\Fonts\\seguibli.ttf', name='Segoe UI', style='italic', variant='normal', weight=900, stretch='normal', size='scalable')) = 11.525
2026-09-20 14:47:05,750 [DEBUG] matplotlib.font_manager _findfont_cached: findfont: score(FontEntry(fname='C:\\Windows\\Fonts\\meiryob.ttc', name='Meiryo', style='normal', variant='normal', weight=700, stretch='normal', size='scalable')) = 10.335
2026-09-20 14:47:05,751 [DEBUG] matplotlib.font_manager _findfont_cached: findfont: score(FontEntry(fname='C:\\Windows\\Fonts\\HGRGM.TTC', name='HGGothicM', style='normal', variant='normal', weight=400, stretch='normal', size='scalable')) = 10.05
2026-09-20 14:47:05,751 [DEBUG] matplotlib.font_manager _findfont_cached: findfont: score(FontEntry(fname='C:\\Windows\\Fonts\\segoepr.ttf', name='Segoe Print', style='normal', variant='normal', weight=400, stretch='normal', size='scalable')) = 10.05
2026-09-20 14:47:05,751 [DEBUG] matplotlib.font_manager _findfont_cached: findfont: score(FontEntry(fname='C:\\Windows\\Fonts\\symbol.ttf', name='Symbol', style='normal', variant='normal', weight=400, stretch='normal', size='scalable')) = 10.05
2026-09-20 14:47:05,751 [DEBUG] matplotlib.font_manager _findfont_cached: findfont: score(FontEntry(fname='C:\\Windows\\Fonts\\arialbd.ttf', name='Arial', style='normal', variant='normal', weight=700, stretch='normal', size='scalable')) = 10.335
2026-09-20 14:47:05,752 [DEBUG] matplotlib.font_manager _findfont_cached: findfont: score(FontEntry(fname='C:\\Windows\\Fonts\\msjhbd.ttc', name='Microsoft JhengHei', style='normal', variant='normal', weight=700, stretch='normal', size='scalable')) = 10.335
2026-09-20 14:47:05,752 [DEBUG] matplotlib.font_manager _findfont_cached: findfont: score(FontEntry(fname='C:\\Windows\\Fonts\\seguisb.ttf', name='Segoe UI', style='normal', variant='normal', weight=600, stretch='normal', size='scalable')) = 10.24
2026-09-20 14:47:05,752 [DEBUG] matplotlib.font_manager _findfont_cached: findfont: score(FontEntry(fname='C:\\Windows\\Fonts\\HGRSGU.TTC', name='HGSoeiKakugothicUB', style='normal', variant='normal', weight=400, stretch='normal', size='scalable')) = 10.05
2026-09-20 14:47:05,752 [DEBUG] matplotlib.font_manager _findfont_cached: findfont: score(FontEntry(fname='C:\\Windows\\Fonts\\gadugib.ttf', name='Gadugi', style='normal', variant='normal', weight=700, stretch='normal', size='scalable')) = 10.335
2026-09-20 14:47:05,753 [DEBUG] matplotlib.font_manager _findfont_cached: findfont: score(FontEntry(fname='C:\\Windows\\Fonts\\calibrib.ttf', name='Calibri', style='normal', variant='normal', weight=700, stretch='normal', size='scalable')) = 10.335
2026-09-20 14:47:05,753 [DEBUG] matplotlib.font_manager _findfont_cached: findfont: score(FontEntry(fname='C:\\Windows\\Fonts\\BKANT.TTF', name='Book Antiqua', style='normal', variant='normal', weight=400, stretch='normal', size='scalable')) = 10.05
2026-09-20 14:47:05,753 [DEBUG] matplotlib.font_manager _findfont_cached: findfont: score(FontEntry(fname='C:\\Windows\\Fonts\\georgiab.ttf', name='Georgia', style='normal', variant='normal', weight=700, stretch='normal', size='scalable')) = 10.335
2026-09-20 14:47:05,753 [DEBUG] matplotlib.font_manager _findfont_cached: findfont: score(FontEntry(fname='C:\\Windows\\Fonts\\msyhbd.ttc', name='Microsoft YaHei', style='normal', variant='normal', weight=700, stretch='normal', size='scalable')) = 10.335
2026-09-20 14:47:05,753 [DEBUG] matplotlib.font_manager _findfont_cached: findfont: score(FontEntry(fname='C:\\Windows\\Fonts\\trebucbd.ttf', name='Trebuchet MS', style='normal', variant='normal', weight=700, stretch='normal', size='scalable')) = 10.335
2026-09-20 14:47:05,754 [DEBUG] matplotlib.font_manager _findfont_cached: findfont: score(FontEntry(fname='C:\\Windows\\Fonts\\LeelawUI.ttf', name='Leelawadee UI', style='normal', variant='normal', weight=400, stretch='normal', size='scalable')) = 10.05
2026-09-20 14:47:05,754 [DEBUG] matplotlib.font_manager _findfont_cached: findfont: score(FontEntry(fname='C:\\Windows\\Fonts\\CENTURY.TTF', name='Century', style='normal', variant='normal', weight=400, stretch='normal', size='scalable')) = 10.05
2026-09-20 14:47:05,754 [DEBUG] matplotlib.font_manager _findfont_cached: findfont: score(FontEntry(fname='C:\\Windows\\Fonts\\comic.ttf', name='Comic Sans MS', style='normal', variant='normal', weight=400, stretch='normal', size='scalable')) = 10.05
2026-09-20 14:47:05,754 [DEBUG] matplotlib.font_manager _findfont_cached: findfont: score(FontEntry(fname='C:\\Windows\\Fonts\\mmrtextb.ttf', name='Myanmar Text', style='normal', variant='normal', weight=700, stretch='normal', size='scalable')) = 10.335
2026-09-20 14:47:05,754 [DEBUG] matplotlib.font_manager _findfont_cached: findfont: score(FontEntry(fname='C:\\Windows\\Fonts\\GOTHICI.TTF', name='Century Gothic', style='italic', variant='normal', weight=400, stretch='normal', size='scalable')) = 11.05
2026-09-20 14:47:05,754 [DEBUG] matplotlib.font_manager _findfont_cached: findfont: score(FontEntry(fname='C:\\Windows\\Fonts\\Candarali.ttf', name='Candara', style='italic', variant='normal', weight=400, stretch='normal', size='scalable')) = 11.05
2026-09-20 14:47:05,755 [DEBUG] matplotlib.font_manager _findfont_cached: findfont: score(FontEntry(fname='C:\\Windows\\Fonts\\consolaz.ttf', name='Consolas', style='italic', variant='normal', weight=700, stretch='normal', size='scalable')) = 11.335
2026-09-20 14:47:05,755 [DEBUG] matplotlib.font_manager _findfont_cached: findfont: score(FontEntry(fname='C:\\Windows\\Fonts\\MTCORSVA.TTF', name='Monotype Corsiva', style='normal', variant='normal', weight=400, stretch='normal', size='scalable')) = 10.05
2026-09-20 14:47:05,755 [DEBUG] matplotlib.font_manager _findfont_cached: findfont: score(FontEntry(fname='C:\\Windows\\Fonts\\ANTQUABI.TTF', name='Book Antiqua', style='italic', variant='normal', weight=700, stretch='normal', size='scalable')) = 11.335
2026-09-20 14:47:05,755 [DEBUG] matplotlib.font_manager _findfont_cached: findfont: score(FontEntry(fname='C:\\Windows\\Fonts\\simsunb.ttf', name='SimSun-ExtB', style='normal', variant='normal', weight=400, stretch='normal', size='scalable')) = 10.05
2026-09-20 14:47:05,755 [DEBUG] matplotlib.font_manager _findfont_cached: findfont: score(FontEntry(fname='C:\\Windows\\Fonts\\mvboli.ttf', name='MV Boli', style='normal', variant='normal', weight=400, stretch='normal', size='scalable')) = 10.05
2026-09-20 14:47:05,755 [DEBUG] matplotlib.font_manager _findfont_cached: findfont: score(FontEntry(fname='C:\\Windows\\Fonts\\ANTQUAB.TTF', name='Book Antiqua', style='normal', variant='normal', weight=700, stretch='normal', size='scalable')) = 10.335
2026-09-20 14:47:05,755 [DEBUG] matplotlib.font_manager _findfont_cached: findfont: score(FontEntry(fname='C:\\Windows\\Fonts\\HGRPP1.TTC', name='HGSoeiKakupoptai', style='normal', variant='normal', weight=400, stretch='normal', size='scalable')) = 10.05
2026-09-20 14:47:05,756 [DEBUG] matplotlib.font_manager _findfont_cached: findfont: score(FontEntry(fname='C:\\Windows\\Fonts\\ebrima.ttf', name='Ebrima', style='normal', variant='normal', weight=400, stretch='normal', size='scalable')) = 10.05
2026-09-20 14:47:05,756 [DEBUG] matplotlib.font_manager _findfont_cached: findfont: score(FontEntry(fname='C:\\Windows\\Fonts\\yumindb.ttf', name='Yu Mincho', style='normal', variant='normal', weight=600, stretch='normal', size='scalable')) = 10.24
2026-09-20 14:47:05,756 [DEBUG] matplotlib.font_manager _findfont_cached: findfont: score(FontEntry(fname='C:\\Windows\\Fonts\\corbelli.ttf', name='Corbel', style='italic', variant='normal', weight=300, stretch='normal', size='scalable')) = 11.145
2026-09-20 14:47:05,756 [DEBUG] matplotlib.font_manager _findfont_cached: findfont: score(FontEntry(fname='C:\\Windows\\Fonts\\corbell.ttf', name='Corbel', style='normal', variant='normal', weight=300, stretch='normal', size='scalable')) = 10.145
2026-09-20 14:47:05,756 [DEBUG] matplotlib.font_manager _findfont_cached: findfont: score(FontEntry(fname='C:\\Windows\\Fonts\\timesbd.ttf', name='Times New Roman', style='normal', variant='normal', weight=700, stretch='normal', size='scalable')) = 10.335
2026-09-20 14:47:05,756 [DEBUG] matplotlib.font_manager _findfont_cached: findfont: score(FontEntry(fname='C:\\Windows\\Fonts\\seguisbi.ttf', name='Segoe UI', style='italic', variant='normal', weight=600, stretch='normal', size='scalable')) = 11.24
2026-09-20 14:47:05,756 [DEBUG] matplotlib.font_manager _findfont_cached: findfont: score(FontEntry(fname='C:\\Windows\\Fonts\\cambriab.ttf', name='Cambria', style='normal', variant='normal', weight=700, stretch='normal', size='scalable')) = 10.335
2026-09-20 14:47:05,757 [DEBUG] matplotlib.font_manager _findfont_cached: findfont: score(FontEntry(fname='C:\\Windows\\Fonts\\phagspab.ttf', name='Microsoft PhagsPa', style='normal', variant='normal', weight=700, stretch='normal', size='scalable')) = 10.335
2026-09-20 14:47:05,757 [DEBUG] matplotlib.font_manager _findfont_cached: findfont: score(FontEntry(fname='C:\\Windows\\Fonts\\LEELAWAD.TTF', name='Leelawadee', style='normal', variant='normal', weight=400, stretch='normal', size='scalable')) = 10.05
2026-09-20 14:47:05,757 [DEBUG] matplotlib.font_manager _findfont_cached: findfont: score(FontEntry(fname='C:\\Windows\\Fonts\\YuGothB.ttc', name='Yu Gothic', style='normal', variant='normal', weight=700, stretch='normal', size='scalable')) = 10.335
2026-09-20 14:47:05,757 [DEBUG] matplotlib.font_manager _findfont_cached: findfont: score(FontEntry(fname='C:\\Windows\\Fonts\\JUICE___.TTF', name='Juice ITC', style='normal', variant='normal', weight=400, stretch='normal', size='scalable')) = 10.05
2026-09-20 14:47:05,757 [DEBUG] matplotlib.font_manager _findfont_cached: findfont: score(FontEntry(fname='C:\\Windows\\Fonts\\georgia.ttf', name='Georgia', style='normal', variant='normal', weight=400, stretch='normal', size='scalable')) = 10.05
2026-09-20 14:47:05,757 [DEBUG] matplotlib.font_manager _findfont_cached: findfont: score(FontEntry(fname='C:\\Windows\\Fonts\\malgun.ttf', name='Malgun Gothic', style='normal', variant='normal', weight=400, stretch='normal', size='scalable')) = 10.05
2026-09-20 14:47:05,757 [DEBUG] matplotlib.font_manager _findfont_cached: findfont: score(FontEntry(fname='C:\\Windows\\Fonts\\HGRKK.TTC', name='HGKyokashotai', style='normal', variant='normal', weight=400, stretch='normal', size='scalable')) = 10.05
2026-09-20 14:47:05,758 [DEBUG] matplotlib.font_manager _findfont_cached: findfont: score(FontEntry(fname='C:\\Windows\\Fonts\\times.ttf', name='Times New Roman', style='normal', variant='normal', weight=400, stretch='normal', size='scalable')) = 10.05
2026-09-20 14:47:05,758 [DEBUG] matplotlib.font_manager _findfont_cached: findfont: score(FontEntry(fname='C:\\Windows\\Fonts\\SitkaVF.ttf', name='Sitka', style='normal', variant='normal', weight=400, stretch='normal', size='scalable')) = 10.05
2026-09-20 14:47:05,758 [DEBUG] matplotlib.font_manager _findfont_cached: findfont: score(FontEntry(fname='C:\\Windows\\Fonts\\GOTHIC.TTF', name='Century Gothic', style='normal', variant='normal', weight=400, stretch='normal', size='scalable')) = 10.05
2026-09-20 14:47:05,762 [DEBUG] matplotlib.font_manager _findfont_cached: findfont: score(FontEntry(fname='C:\\Windows\\Fonts\\segoeuisl.ttf', name='Segoe UI', style='normal', variant='normal', weight=350, stretch='normal', size='scalable')) = 10.0975
2026-09-20 14:47:05,762 [DEBUG] matplotlib.font_manager _findfont_cached: findfont: score(FontEntry(fname='C:\\Windows\\Fonts\\seguihis.ttf', name='Segoe UI Historic', style='normal', variant='normal', weight=400, stretch='normal', size='scalable')) = 10.05
2026-09-20 14:47:05,763 [DEBUG] matplotlib.font_manager _findfont_cached: findfont: score(FontEntry(fname='C:\\Windows\\Fonts\\msmincho.ttc', name='MS Mincho', style='normal', variant='normal', weight=400, stretch='normal', size='scalable')) = 10.05
2026-09-20 14:47:05,763 [DEBUG] matplotlib.font_manager _findfont_cached: findfont: score(FontEntry(fname='C:\\Windows\\Fonts\\calibriz.ttf', name='Calibri', style='italic', variant='normal', weight=700, stretch='normal', size='scalable')) = 11.335
2026-09-20 14:47:05,763 [DEBUG] matplotlib.font_manager _findfont_cached: findfont: score(FontEntry(fname='C:\\Windows\\Fonts\\BIZ-UDGothicR.ttc', name='BIZ UDGothic', style='normal', variant='normal', weight=400, stretch='normal', size='scalable')) = 10.05
2026-09-20 14:47:05,764 [DEBUG] matplotlib.font_manager _findfont_cached: findfont: score(FontEntry(fname='C:\\Windows\\Fonts\\GOTHICBI.TTF', name='Century Gothic', style='italic', variant='normal', weight=700, stretch='normal', size='scalable')) = 11.335
2026-09-20 14:47:05,765 [DEBUG] matplotlib.font_manager _findfont_cached: findfont: score(FontEntry(fname='C:\\Windows\\Fonts\\HGRPRE.TTC', name='HGSoeiPresenceEB', style='normal', variant='normal', weight=400, stretch='normal', size='scalable')) = 10.05
2026-09-20 14:47:05,765 [DEBUG] matplotlib.font_manager _findfont_cached: findfont: score(FontEntry(fname='C:\\Windows\\Fonts\\ariali.ttf', name='Arial', style='italic', variant='normal', weight=400, stretch='normal', size='scalable')) = 11.05
2026-09-20 14:47:05,765 [DEBUG] matplotlib.font_manager _findfont_cached: findfont: score(FontEntry(fname='C:\\Windows\\Fonts\\malgunsl.ttf', name='Malgun Gothic', style='normal', variant='normal', weight=300, stretch='normal', size='scalable')) = 10.145
2026-09-20 14:47:05,766 [DEBUG] matplotlib.font_manager _findfont_cached: findfont: score(FontEntry(fname='C:\\Windows\\Fonts\\BRADHITC.TTF', name='Bradley Hand ITC', style='normal', variant='normal', weight=400, stretch='normal', size='scalable')) = 10.05
2026-09-20 14:47:05,766 [DEBUG] matplotlib.font_manager _findfont_cached: findfont: score(FontEntry(fname='C:\\Windows\\Fonts\\lucon.ttf', name='Lucida Console', style='normal', variant='normal', weight=400, stretch='normal', size='scalable')) = 10.05
2026-09-20 14:47:05,767 [DEBUG] matplotlib.font_manager _findfont_cached: findfont: score(FontEntry(fname='C:\\Windows\\Fonts\\SimsunExtG.ttf', name='SimSun-ExtG', style='normal', variant='normal', weight=400, stretch='normal', size='scalable')) = 10.05
2026-09-20 14:47:05,767 [DEBUG] matplotlib.font_manager _findfont_cached: findfont: score(FontEntry(fname='C:\\Windows\\Fonts\\taile.ttf', name='Microsoft Tai Le', style='normal', variant='normal', weight=400, stretch='normal', size='scalable')) = 10.05
2026-09-20 14:47:05,767 [DEBUG] matplotlib.font_manager _findfont_cached: findfont: score(FontEntry(fname='C:\\Windows\\Fonts\\trebuc.ttf', name='Trebuchet MS', style='normal', variant='normal', weight=400, stretch='normal', size='scalable')) = 10.05
2026-09-20 14:47:05,767 [DEBUG] matplotlib.font_manager _findfont_cached: findfont: score(FontEntry(fname='C:\\Windows\\Fonts\\BOOKOS.TTF', name='Bookman Old Style', style='normal', variant='normal', weight=300, stretch='normal', size='scalable')) = 10.145
2026-09-20 14:47:05,767 [DEBUG] matplotlib.font_manager _findfont_cached: findfont: score(FontEntry(fname='C:\\Windows\\Fonts\\palabi.ttf', name='Palatino Linotype', style='italic', variant='normal', weight=700, stretch='normal', size='scalable')) = 11.335
2026-09-20 14:47:05,767 [DEBUG] matplotlib.font_manager _findfont_cached: findfont: score(FontEntry(fname='C:\\Windows\\Fonts\\seguisli.ttf', name='Segoe UI', style='italic', variant='normal', weight=350, stretch='normal', size='scalable')) = 11.0975
2026-09-20 14:47:05,768 [DEBUG] matplotlib.font_manager _findfont_cached: findfont: score(FontEntry(fname='C:\\Windows\\Fonts\\MSUIGHUB.TTF', name='Microsoft Uighur', style='normal', variant='normal', weight=700, stretch='normal', size='scalable')) = 10.335
2026-09-20 14:47:05,768 [DEBUG] matplotlib.font_manager _findfont_cached: findfont: score(FontEntry(fname='C:\\Windows\\Fonts\\cambria.ttc', name='Cambria', style='normal', variant='normal', weight=400, stretch='normal', size='scalable')) = 10.05
2026-09-20 14:47:05,768 [DEBUG] matplotlib.font_manager _findfont_cached: findfont: score(FontEntry(fname='C:\\Windows\\Fonts\\georgiaz.ttf', name='Georgia', style='italic', variant='normal', weight=700, stretch='normal', size='scalable')) = 11.335
2026-09-20 14:47:05,768 [DEBUG] matplotlib.font_manager _findfont_cached: findfont: score(FontEntry(fname='C:\\Windows\\Fonts\\ARIALN.TTF', name='Arial', style='normal', variant='normal', weight=400, stretch='condensed', size='scalable')) = 10.25
2026-09-20 14:47:05,768 [DEBUG] matplotlib.font_manager _findfont_cached: findfont: score(FontEntry(fname='C:\\Windows\\Fonts\\LHANDW.TTF', name='Lucida Handwriting', style='italic', variant='normal', weight=400, stretch='normal', size='scalable')) = 11.05
2026-09-20 14:47:05,769 [DEBUG] matplotlib.font_manager _findfont_cached: findfont: score(FontEntry(fname='C:\\Windows\\Fonts\\MSUIGHUR.TTF', name='Microsoft Uighur', style='normal', variant='normal', weight=400, stretch='normal', size='scalable')) = 10.05
2026-09-20 14:47:05,769 [DEBUG] matplotlib.font_manager _findfont_cached: findfont: score(FontEntry(fname='C:\\Windows\\Fonts\\REFSPCL.TTF', name='MS Reference Specialty', style='normal', variant='normal', weight=400, stretch='normal', size='scalable')) = 10.05
2026-09-20 14:47:05,769 [DEBUG] matplotlib.font_manager _findfont_cached: findfont: score(FontEntry(fname='C:\\Windows\\Fonts\\mingliub.ttc', name='MingLiU-ExtB', style='normal', variant='normal', weight=400, stretch='normal', size='scalable')) = 10.05
2026-09-20 14:47:05,769 [DEBUG] matplotlib.font_manager _findfont_cached: findfont: score(FontEntry(fname='C:\\Windows\\Fonts\\calibrii.ttf', name='Calibri', style='italic', variant='normal', weight=400, stretch='normal', size='scalable')) = 11.05
2026-09-20 14:47:05,769 [DEBUG] matplotlib.font_manager _findfont_cached: findfont: score(FontEntry(fname='C:\\Windows\\Fonts\\Nirmala.ttf', name='Nirmala UI', style='normal', variant='normal', weight=400, stretch='normal', size='scalable')) = 10.05
2026-09-20 14:47:05,769 [DEBUG] matplotlib.font_manager _findfont_cached: findfont: score(FontEntry(fname='C:\\Windows\\Fonts\\UDDigiKyokashoN-R.ttc', name='UD Digi Kyokasho N-R', style='normal', variant='normal', weight=400, stretch='normal', size='scalable')) = 10.05
2026-09-20 14:47:05,769 [DEBUG] matplotlib.font_manager _findfont_cached: findfont: score(FontEntry(fname='C:\\Windows\\Fonts\\seguibl.ttf', name='Segoe UI', style='normal', variant='normal', weight=900, stretch='normal', size='scalable')) = 10.525
2026-09-20 14:47:05,770 [DEBUG] matplotlib.font_manager _findfont_cached: findfont: score(FontEntry(fname='C:\\Windows\\Fonts\\timesbi.ttf', name='Times New Roman', style='italic', variant='normal', weight=700, stretch='normal', size='scalable')) = 11.335
2026-09-20 14:47:05,770 [DEBUG] matplotlib.font_manager _findfont_cached: findfont: score(FontEntry(fname='C:\\Windows\\Fonts\\impact.ttf', name='Impact', style='normal', variant='normal', weight=400, stretch='normal', size='scalable')) = 10.05
2026-09-20 14:47:05,770 [DEBUG] matplotlib.font_manager _findfont_cached: findfont: score(FontEntry(fname='C:\\Windows\\Fonts\\yuminl.ttf', name='Yu Mincho', style='normal', variant='normal', weight=300, stretch='normal', size='scalable')) = 10.145
2026-09-20 14:47:05,770 [DEBUG] matplotlib.font_manager _findfont_cached: findfont: score(FontEntry(fname='C:\\Windows\\Fonts\\REFSAN.TTF', name='MS Reference Sans Serif', style='normal', variant='normal', weight=400, stretch='normal', size='scalable')) = 10.05
2026-09-20 14:47:05,770 [DEBUG] matplotlib.font_manager _findfont_cached: findfont: score(FontEntry(fname='C:\\Windows\\Fonts\\arial.ttf', name='Arial', style='normal', variant='normal', weight=400, stretch='normal', size='scalable')) = 10.05
2026-09-20 14:47:05,770 [DEBUG] matplotlib.font_manager _findfont_cached: findfont: score(FontEntry(fname='C:\\Windows\\Fonts\\SitkaVF-Italic.ttf', name='Sitka', style='italic', variant='normal', weight=400, stretch='normal', size='scalable')) = 11.05
2026-09-20 14:47:05,770 [DEBUG] matplotlib.font_manager _findfont_cached: findfont: score(FontEntry(fname='C:\\Windows\\Fonts\\ntailu.ttf', name='Microsoft New Tai Lue', style='normal', variant='normal', weight=400, stretch='normal', size='scalable')) = 10.05
2026-09-20 14:47:05,770 [DEBUG] matplotlib.font_manager _findfont_cached: findfont: score(FontEntry(fname='C:\\Windows\\Fonts\\BSSYM7.TTF', name='Bookshelf Symbol 7', style='normal', variant='normal', weight=400, stretch='normal', size='scalable')) = 10.05
2026-09-20 14:47:05,770 [DEBUG] matplotlib.font_manager _findfont_cached: findfont: score(FontEntry(fname='C:\\Windows\\Fonts\\segoeuil.ttf', name='Segoe UI', style='normal', variant='normal', weight=300, stretch='normal', size='scalable')) = 10.145
2026-09-20 14:47:05,771 [DEBUG] matplotlib.font_manager _findfont_cached: findfont: score(FontEntry(fname='C:\\Windows\\Fonts\\YuGothR.ttc', name='Yu Gothic', style='normal', variant='normal', weight=400, stretch='normal', size='scalable')) = 10.05
2026-09-20 14:47:05,771 [DEBUG] matplotlib.font_manager _findfont_cached: findfont: score(FontEntry(fname='C:\\Windows\\Fonts\\micross.ttf', name='Microsoft Sans Serif', style='normal', variant='normal', weight=400, stretch='normal', size='scalable')) = 10.05
2026-09-20 14:47:05,771 [DEBUG] matplotlib.font_manager _findfont_cached: findfont: score(FontEntry(fname='C:\\Windows\\Fonts\\calibrili.ttf', name='Calibri', style='italic', variant='normal', weight=300, stretch='normal', size='scalable')) = 11.145
2026-09-20 14:47:05,771 [DEBUG] matplotlib.font_manager _findfont_cached: findfont: score(FontEntry(fname='C:\\Windows\\Fonts\\HGRME.TTC', name='HGMinchoE', style='normal', variant='normal', weight=400, stretch='normal', size='scalable')) = 10.05
2026-09-20 14:47:05,771 [DEBUG] matplotlib.font_manager _findfont_cached: findfont: score(FontEntry(fname='C:\\Windows\\Fonts\\OUTLOOK.TTF', name='MS Outlook', style='normal', variant='normal', weight=400, stretch='normal', size='scalable')) = 10.05
2026-09-20 14:47:05,771 [DEBUG] matplotlib.font_manager _findfont_cached: findfont: score(FontEntry(fname='C:\\Windows\\Fonts\\holomdl2.ttf', name='HoloLens MDL2 Assets', style='normal', variant='normal', weight=400, stretch='normal', size='scalable')) = 10.05
2026-09-20 14:47:05,771 [DEBUG] matplotlib.font_manager _findfont_cached: findfont: score(FontEntry(fname='C:\\Windows\\Fonts\\couri.ttf', name='Courier New', style='italic', variant='normal', weight=400, stretch='normal', size='scalable')) = 6.05
2026-09-20 14:47:05,772 [DEBUG] matplotlib.font_manager _findfont_cached: findfont: score(FontEntry(fname='C:\\Windows\\Fonts\\MISTRAL.TTF', name='Mistral', style='normal', variant='normal', weight=400, stretch='normal', size='scalable')) = 10.05
2026-09-20 14:47:05,772 [DEBUG] matplotlib.font_manager _findfont_cached: findfont: score(FontEntry(fname='C:\\Windows\\Fonts\\cambriaz.ttf', name='Cambria', style='italic', variant='normal', weight=700, stretch='normal', size='scalable')) = 11.335
2026-09-20 14:47:05,772 [DEBUG] matplotlib.font_manager _findfont_cached: findfont: score(FontEntry(fname='C:\\Windows\\Fonts\\javatext.ttf', name='Javanese Text', style='normal', variant='normal', weight=400, stretch='normal', size='scalable')) = 10.05
2026-09-20 14:47:05,772 [DEBUG] matplotlib.font_manager _findfont_cached: findfont: score(FontEntry(fname='C:\\Windows\\Fonts\\courbd.ttf', name='Courier New', style='normal', variant='normal', weight=700, stretch='normal', size='scalable')) = 5.335
2026-09-20 14:47:05,772 [DEBUG] matplotlib.font_manager _findfont_cached: findfont: score(FontEntry(fname='C:\\Windows\\Fonts\\palab.ttf', name='Palatino Linotype', style='normal', variant='normal', weight=700, stretch='normal', size='scalable')) = 10.335
2026-09-20 14:47:05,772 [DEBUG] matplotlib.font_manager _findfont_cached: findfont: score(FontEntry(fname='C:\\Windows\\Fonts\\consolab.ttf', name='Consolas', style='normal', variant='normal', weight=700, stretch='normal', size='scalable')) = 10.335
2026-09-20 14:47:05,772 [DEBUG] matplotlib.font_manager _findfont_cached: findfont: score(FontEntry(fname='C:\\Windows\\Fonts\\segoeuii.ttf', name='Segoe UI', style='italic', variant='normal', weight=400, stretch='normal', size='scalable')) = 11.05
2026-09-20 14:47:05,772 [DEBUG] matplotlib.font_manager _findfont_cached: findfont: score(FontEntry(fname='C:\\Windows\\Fonts\\arialbi.ttf', name='Arial', style='italic', variant='normal', weight=700, stretch='normal', size='scalable')) = 11.335
2026-09-20 14:47:05,773 [DEBUG] matplotlib.font_manager _findfont_cached: findfont: score(FontEntry(fname='C:\\Windows\\Fonts\\malgunbd.ttf', name='Malgun Gothic', style='normal', variant='normal', weight=700, stretch='normal', size='scalable')) = 10.335
2026-09-20 14:47:05,773 [DEBUG] matplotlib.font_manager _findfont_cached: findfont: score(FontEntry(fname='C:\\Windows\\Fonts\\WINGDNG3.TTF', name='Wingdings 3', style='normal', variant='normal', weight=400, stretch='normal', size='scalable')) = 10.05
2026-09-20 14:47:05,773 [DEBUG] matplotlib.font_manager _findfont_cached: findfont: score(FontEntry(fname='C:\\Windows\\Fonts\\BOOKOSI.TTF', name='Bookman Old Style', style='italic', variant='normal', weight=300, stretch='normal', size='scalable')) = 11.145
2026-09-20 14:47:05,773 [DEBUG] matplotlib.font_manager _findfont_cached: findfont: score(FontEntry(fname='C:\\Windows\\Fonts\\segoeuiz.ttf', name='Segoe UI', style='italic', variant='normal', weight=700, stretch='normal', size='scalable')) = 11.335
2026-09-20 14:47:05,773 [DEBUG] matplotlib.font_manager _findfont_cached: findfont: score(FontEntry(fname='C:\\Windows\\Fonts\\comicbd.ttf', name='Comic Sans MS', style='normal', variant='normal', weight=700, stretch='normal', size='scalable')) = 10.335
2026-09-20 14:47:05,773 [DEBUG] matplotlib.font_manager _findfont_cached: findfont: score(FontEntry(fname='C:\\Windows\\Fonts\\gadugi.ttf', name='Gadugi', style='normal', variant='normal', weight=400, stretch='normal', size='scalable')) = 10.05
2026-09-20 14:47:05,773 [DEBUG] matplotlib.font_manager _findfont_cached: findfont: score(FontEntry(fname='C:\\Windows\\Fonts\\verdanab.ttf', name='Verdana', style='normal', variant='normal', weight=700, stretch='normal', size='scalable')) = 10.335
2026-09-20 14:47:05,774 [DEBUG] matplotlib.font_manager _findfont_cached: findfont: score(FontEntry(fname='C:\\Windows\\Fonts\\calibri.ttf', name='Calibri', style='normal', variant='normal', weight=400, stretch='normal', size='scalable')) = 10.05
2026-09-20 14:47:05,774 [DEBUG] matplotlib.font_manager _findfont_cached: findfont: score(FontEntry(fname='C:\\Windows\\Fonts\\SansSerifCollection.ttf', name='Sans Serif Collection', style='normal', variant='normal', weight=400, stretch='normal', size='scalable')) = 10.05
2026-09-20 14:47:05,774 [DEBUG] matplotlib.font_manager _findfont_cached: findfont: score(FontEntry(fname='C:\\Windows\\Fonts\\consolai.ttf', name='Consolas', style='italic', variant='normal', weight=400, stretch='normal', size='scalable')) = 11.05
2026-09-20 14:47:05,774 [DEBUG] matplotlib.font_manager _findfont_cached: findfont: score(FontEntry(fname='C:\\Windows\\Fonts\\seguiemj.ttf', name='Segoe UI Emoji', style='normal', variant='normal', weight=400, stretch='normal', size='scalable')) = 10.05
2026-09-20 14:47:05,774 [DEBUG] matplotlib.font_manager _findfont_cached: findfont: score(FontEntry(fname='C:\\Windows\\Fonts\\GARA.TTF', name='Garamond', style='normal', variant='normal', weight=400, stretch='normal', size='scalable')) = 10.05
2026-09-20 14:47:05,774 [DEBUG] matplotlib.font_manager _findfont_cached: findfont: score(FontEntry(fname='C:\\Windows\\Fonts\\corbelb.ttf', name='Corbel', style='normal', variant='normal', weight=700, stretch='normal', size='scalable')) = 10.335
2026-09-20 14:47:05,774 [DEBUG] matplotlib.font_manager _findfont_cached: findfont: score(FontEntry(fname='C:\\Windows\\Fonts\\segoeprb.ttf', name='Segoe Print', style='normal', variant='normal', weight=700, stretch='normal', size='scalable')) = 10.335
2026-09-20 14:47:05,775 [DEBUG] matplotlib.font_manager _findfont_cached: findfont: score(FontEntry(fname='C:\\Windows\\Fonts\\BIZ-UDGothicB.ttc', name='BIZ UDGothic', style='normal', variant='normal', weight=700, stretch='normal', size='scalable')) = 10.335
2026-09-20 14:47:05,775 [DEBUG] matplotlib.font_manager _findfont_cached: findfont: score(FontEntry(fname='C:\\Windows\\Fonts\\sylfaen.ttf', name='Sylfaen', style='normal', variant='normal', weight=400, stretch='normal', size='scalable')) = 10.05
2026-09-20 14:47:05,775 [DEBUG] matplotlib.font_manager _findfont_cached: findfont: score(FontEntry(fname='C:\\Windows\\Fonts\\ARIALNI.TTF', name='Arial', style='italic', variant='normal', weight=400, stretch='condensed', size='scalable')) = 11.25
2026-09-20 14:47:05,775 [DEBUG] matplotlib.font_manager _findfont_cached: findfont: score(FontEntry(fname='C:\\Windows\\Fonts\\bahnschrift.ttf', name='Bahnschrift', style='normal', variant='normal', weight=400, stretch='normal', size='scalable')) = 10.05
2026-09-20 14:47:05,775 [DEBUG] matplotlib.font_manager _findfont_cached: findfont: score(FontEntry(fname='C:\\Windows\\Fonts\\segoeuib.ttf', name='Segoe UI', style='normal', variant='normal', weight=700, stretch='normal', size='scalable')) = 10.335
2026-09-20 14:47:05,776 [DEBUG] matplotlib.font_manager _findfont_cached: findfont: score(FontEntry(fname='C:\\Windows\\Fonts\\HGRSKP.TTF', name='HGSeikaishotaiPRO', style='normal', variant='normal', weight=400, stretch='normal', size='scalable')) = 10.05
2026-09-20 14:47:05,776 [DEBUG] matplotlib.font_manager _findfont_cached: findfont: score(FontEntry(fname='C:\\Windows\\Fonts\\segmdl2.ttf', name='Segoe MDL2 Assets', style='normal', variant='normal', weight=400, stretch='normal', size='scalable')) = 10.05
2026-09-20 14:47:05,776 [DEBUG] matplotlib.font_manager _findfont_cached: findfont: score(FontEntry(fname='C:\\Windows\\Fonts\\msyi.ttf', name='Microsoft Yi Baiti', style='normal', variant='normal', weight=400, stretch='normal', size='scalable')) = 10.05
2026-09-20 14:47:05,776 [DEBUG] matplotlib.font_manager _findfont_cached: findfont: score(FontEntry(fname='C:\\Windows\\Fonts\\l_10646.ttf', name='Lucida Sans Unicode', style='normal', variant='normal', weight=400, stretch='normal', size='scalable')) = 10.05
2026-09-20 14:47:05,776 [DEBUG] matplotlib.font_manager _findfont_cached: findfont: score(FontEntry(fname='C:\\Windows\\Fonts\\trebucbi.ttf', name='Trebuchet MS', style='italic', variant='normal', weight=700, stretch='normal', size='scalable')) = 11.335
2026-09-20 14:47:05,776 [DEBUG] matplotlib.font_manager _findfont_cached: findfont: score(FontEntry(fname='C:\\Windows\\Fonts\\seguili.ttf', name='Segoe UI', style='italic', variant='normal', weight=300, stretch='normal', size='scalable')) = 11.145
2026-09-20 14:47:05,776 [DEBUG] matplotlib.font_manager _findfont_cached: findfont: score(FontEntry(fname='C:\\Windows\\Fonts\\tahomabd.ttf', name='Tahoma', style='normal', variant='normal', weight=700, stretch='normal', size='scalable')) = 10.335
2026-09-20 14:47:05,776 [DEBUG] matplotlib.font_manager _findfont_cached: findfont: score(FontEntry(fname='C:\\Windows\\Fonts\\verdana.ttf', name='Verdana', style='normal', variant='normal', weight=400, stretch='normal', size='scalable')) = 10.05
2026-09-20 14:47:05,777 [DEBUG] matplotlib.font_manager _findfont_cached: findfont: score(FontEntry(fname='C:\\Windows\\Fonts\\YuGothL.ttc', name='Yu Gothic', style='normal', variant='normal', weight=300, stretch='normal', size='scalable')) = 10.145
2026-09-20 14:47:05,777 [DEBUG] matplotlib.font_manager _findfont_cached: findfont: score(FontEntry(fname='C:\\Windows\\Fonts\\simsun.ttc', name='SimSun', style='normal', variant='normal', weight=400, stretch='normal', size='scalable')) = 10.05
2026-09-20 14:47:05,777 [DEBUG] matplotlib.font_manager _findfont_cached: findfont: score(FontEntry(fname='C:\\Windows\\Fonts\\tahoma.ttf', name='Tahoma', style='normal', variant='normal', weight=400, stretch='normal', size='scalable')) = 10.05
2026-09-20 14:47:05,777 [DEBUG] matplotlib.font_manager _findfont_cached: findfont: score(FontEntry(fname='C:\\Windows\\Fonts\\ariblk.ttf', name='Arial', style='normal', variant='normal', weight=900, stretch='normal', size='scalable')) = 10.525
2026-09-20 14:47:05,777 [DEBUG] matplotlib.font_manager _findfont_cached: findfont: score(FontEntry(fname='C:\\Windows\\Fonts\\FRSCRIPT.TTF', name='French Script MT', style='normal', variant='normal', weight=400, stretch='normal', size='scalable')) = 10.05
2026-09-20 14:47:05,777 [DEBUG] matplotlib.font_manager _findfont_cached: findfont: score(FontEntry(fname='C:\\Windows\\Fonts\\framd.ttf', name='Franklin Gothic Medium', style='normal', variant='normal', weight=400, stretch='normal', size='scalable')) = 10.05
2026-09-20 14:47:05,777 [DEBUG] matplotlib.font_manager _findfont_cached: findfont: score(FontEntry(fname='C:\\Windows\\Fonts\\segoescb.ttf', name='Segoe Script', style='normal', variant='normal', weight=700, stretch='normal', size='scalable')) = 10.335
2026-09-20 14:47:05,778 [DEBUG] matplotlib.font_manager _findfont_cached: findfont: score(FontEntry(fname='C:\\Windows\\Fonts\\segoeui.ttf', name='Segoe UI', style='normal', variant='normal', weight=400, stretch='normal', size='scalable')) = 10.05
2026-09-20 14:47:05,778 [DEBUG] matplotlib.font_manager _findfont_cached: findfont: score(FontEntry(fname='C:\\Windows\\Fonts\\NirmalaS.ttf', name='Nirmala UI', style='normal', variant='normal', weight=350, stretch='normal', size='scalable')) = 10.0975
2026-09-20 14:47:05,778 [DEBUG] matplotlib.font_manager _findfont_cached: findfont: score(FontEntry(fname='C:\\Windows\\Fonts\\GARABD.TTF', name='Garamond', style='normal', variant='normal', weight=700, stretch='normal', size='scalable')) = 10.335
2026-09-20 14:47:05,778 [DEBUG] matplotlib.font_manager _findfont_cached: findfont: score(FontEntry(fname='C:\\Windows\\Fonts\\SegUIVar.ttf', name='Segoe UI Variable', style='normal', variant='normal', weight=400, stretch='normal', size='scalable')) = 10.05
2026-09-20 14:47:05,778 [DEBUG] matplotlib.font_manager _findfont_cached: findfont: score(FontEntry(fname='C:\\Windows\\Fonts\\BIZ-UDMinchoM.ttc', name='BIZ UDMincho', style='normal', variant='normal', weight=500, stretch='normal', size='scalable')) = 10.145
2026-09-20 14:47:05,779 [DEBUG] matplotlib.font_manager _findfont_cached: findfont: score(FontEntry(fname='C:\\Windows\\Fonts\\OCRB.TTF', name='OCRB', style='normal', variant='normal', weight=400, stretch='normal', size='scalable')) = 10.05
2026-09-20 14:47:05,779 [DEBUG] matplotlib.font_manager _findfont_cached: findfont: score(FontEntry(fname='C:\\Windows\\Fonts\\PRISTINA.TTF', name='Pristina', style='normal', variant='normal', weight=400, stretch='normal', size='scalable')) = 10.05
2026-09-20 14:47:05,779 [DEBUG] matplotlib.font_manager _findfont_cached: findfont: score(FontEntry(fname='C:\\Windows\\Fonts\\BOOKOSB.TTF', name='Bookman Old Style', style='normal', variant='normal', weight=600, stretch='normal', size='scalable')) = 10.24
2026-09-20 14:47:05,779 [DEBUG] matplotlib.font_manager _findfont_cached: findfont: score(FontEntry(fname='C:\\Windows\\Fonts\\phagspa.ttf', name='Microsoft PhagsPa', style='normal', variant='normal', weight=400, stretch='normal', size='scalable')) = 10.05
2026-09-20 14:47:05,779 [DEBUG] matplotlib.font_manager _findfont_cached: findfont: score(FontEntry(fname='C:\\Windows\\Fonts\\SegoeIcons.ttf', name='Segoe Fluent Icons', style='normal', variant='normal', weight=400, stretch='normal', size='scalable')) = 10.05
2026-09-20 14:47:05,779 [DEBUG] matplotlib.font_manager _findfont_cached: findfont: score(FontEntry(fname='C:\\Windows\\Fonts\\constani.ttf', name='Constantia', style='italic', variant='normal', weight=400, stretch='normal', size='scalable')) = 11.05
2026-09-20 14:47:05,779 [DEBUG] matplotlib.font_manager _findfont_cached: findfont: score(FontEntry(fname='C:\\Windows\\Fonts\\monbaiti.ttf', name='Mongolian Baiti', style='normal', variant='normal', weight=400, stretch='normal', size='scalable')) = 10.05
2026-09-20 14:47:05,780 [DEBUG] matplotlib.font_manager _findfont_cached: findfont: score(FontEntry(fname='C:\\Windows\\Fonts\\Candaraz.ttf', name='Candara', style='italic', variant='normal', weight=700, stretch='normal', size='scalable')) = 11.335
2026-09-20 14:47:05,780 [DEBUG] matplotlib.font_manager _findfont_cached: findfont: score(FontEntry(fname='C:\\Windows\\Fonts\\MTEXTRA.TTF', name='MT Extra', style='normal', variant='normal', weight=400, stretch='normal', size='scalable')) = 10.05
2026-09-20 14:47:05,780 [DEBUG] matplotlib.font_manager _findfont_cached: findfont: score(FontEntry(fname='C:\\Windows\\Fonts\\LeelaUIb.ttf', name='Leelawadee UI', style='normal', variant='normal', weight=700, stretch='normal', size='scalable')) = 10.335
2026-09-20 14:47:05,780 [DEBUG] matplotlib.font_manager _findfont_cached: findfont: score(FontEntry(fname='C:\\Windows\\Fonts\\msgothic.ttc', name='MS Gothic', style='normal', variant='normal', weight=400, stretch='normal', size='scalable')) = 10.05
2026-09-20 14:47:05,781 [DEBUG] matplotlib.font_manager _findfont_cached: findfont: score(FontEntry(fname='C:\\Windows\\Fonts\\UDDigiKyokashoN-B.ttc', name='UD Digi Kyokasho N-B', style='normal', variant='normal', weight=700, stretch='normal', size='scalable')) = 10.335
2026-09-20 14:47:05,781 [DEBUG] matplotlib.font_manager _findfont_cached: findfont: score(FontEntry(fname='C:\\Windows\\Fonts\\mmrtext.ttf', name='Myanmar Text', style='normal', variant='normal', weight=400, stretch='normal', size='scalable')) = 10.05
2026-09-20 14:47:05,781 [DEBUG] matplotlib.font_manager _findfont_cached: findfont: score(FontEntry(fname='C:\\Windows\\Fonts\\cour.ttf', name='Courier New', style='normal', variant='normal', weight=400, stretch='normal', size='scalable')) = 5.05
2026-09-20 14:47:05,781 [DEBUG] matplotlib.font_manager _findfont_cached: findfont: score(FontEntry(fname='C:\\Windows\\Fonts\\trebucit.ttf', name='Trebuchet MS', style='italic', variant='normal', weight=400, stretch='normal', size='scalable')) = 11.05
2026-09-20 14:47:05,781 [DEBUG] matplotlib.font_manager _findfont_cached: findfont: score(FontEntry(fname='C:\\Windows\\Fonts\\timesi.ttf', name='Times New Roman', style='italic', variant='normal', weight=400, stretch='normal', size='scalable')) = 11.05
2026-09-20 14:47:05,782 [DEBUG] matplotlib.font_manager _findfont_cached: findfont: score(FontEntry(fname='C:\\Windows\\Fonts\\ARIALNBI.TTF', name='Arial', style='italic', variant='normal', weight=700, stretch='condensed', size='scalable')) = 11.535
2026-09-20 14:47:05,782 [DEBUG] matplotlib.font_manager _findfont_cached: findfont: score(FontEntry(fname='C:\\Windows\\Fonts\\webdings.ttf', name='Webdings', style='normal', variant='normal', weight=400, stretch='normal', size='scalable')) = 10.05
2026-09-20 14:47:05,782 [DEBUG] matplotlib.font_manager _findfont_cached: findfont: score(FontEntry(fname='C:\\Windows\\Fonts\\taileb.ttf', name='Microsoft Tai Le', style='normal', variant='normal', weight=700, stretch='normal', size='scalable')) = 10.335
2026-09-20 14:47:05,782 [DEBUG] matplotlib.font_manager _findfont_cached: findfont: score(FontEntry(fname='C:\\Windows\\Fonts\\constan.ttf', name='Constantia', style='normal', variant='normal', weight=400, stretch='normal', size='scalable')) = 10.05
2026-09-20 14:47:05,782 [DEBUG] matplotlib.font_manager _findfont_cached: findfont: score(FontEntry(fname='C:\\Windows\\Fonts\\Candarai.ttf', name='Candara', style='italic', variant='normal', weight=400, stretch='normal', size='scalable')) = 11.05
2026-09-20 14:47:05,782 [DEBUG] matplotlib.font_manager _findfont_cached: findfont: score(FontEntry(fname='C:\\Windows\\Fonts\\HGRSMP.TTF', name='HGMaruGothicMPRO', style='normal', variant='normal', weight=400, stretch='normal', size='scalable')) = 10.05
2026-09-20 14:47:05,782 [DEBUG] matplotlib.font_manager _findfont_cached: findfont: score(FontEntry(fname='C:\\Windows\\Fonts\\NirmalaB.ttf', name='Nirmala UI', style='normal', variant='normal', weight=700, stretch='normal', size='scalable')) = 10.335
2026-09-20 14:47:05,783 [DEBUG] matplotlib.font_manager _findfont_cached: findfont: score(FontEntry(fname='C:\\Windows\\Fonts\\GOTHICB.TTF', name='Century Gothic', style='normal', variant='normal', weight=700, stretch='normal', size='scalable')) = 10.335
2026-09-20 14:47:05,783 [DEBUG] matplotlib.font_manager _findfont_cached: findfont: score(FontEntry(fname='C:\\Windows\\Fonts\\GARAIT.TTF', name='Garamond', style='italic', variant='normal', weight=400, stretch='normal', size='scalable')) = 11.05
2026-09-20 14:47:05,783 [DEBUG] matplotlib.font_manager _findfont_cached: findfont: score(FontEntry(fname='C:\\Windows\\Fonts\\verdanaz.ttf', name='Verdana', style='italic', variant='normal', weight=700, stretch='normal', size='scalable')) = 11.335
2026-09-20 14:47:05,783 [DEBUG] matplotlib.font_manager _findfont_cached: findfont: score(FontEntry(fname='C:\\Windows\\Fonts\\framdit.ttf', name='Franklin Gothic Medium', style='italic', variant='normal', weight=400, stretch='normal', size='scalable')) = 11.05
2026-09-20 14:47:05,783 [DEBUG] matplotlib.font_manager _findfont_cached: findfont: score(FontEntry(fname='C:\\Windows\\Fonts\\ntailub.ttf', name='Microsoft New Tai Lue', style='normal', variant='normal', weight=700, stretch='normal', size='scalable')) = 10.335
2026-09-20 14:47:05,783 [DEBUG] matplotlib.font_manager _findfont_cached: findfont: score(FontEntry(fname='C:\\Windows\\Fonts\\DUBAI-BOLD.TTF', name='Dubai', style='normal', variant='normal', weight=700, stretch='normal', size='scalable')) = 10.335
2026-09-20 14:47:05,784 [DEBUG] matplotlib.font_manager _findfont_cached: findfont: score(FontEntry(fname='C:\\Windows\\Fonts\\LeelUIsl.ttf', name='Leelawadee UI', style='normal', variant='normal', weight=350, stretch='normal', size='scalable')) = 10.0975
2026-09-20 14:47:05,784 [DEBUG] matplotlib.font_manager _findfont_cached: findfont: score(FontEntry(fname='C:\\Windows\\Fonts\\palai.ttf', name='Palatino Linotype', style='italic', variant='normal', weight=400, stretch='normal', size='scalable')) = 11.05
2026-09-20 14:47:05,784 [DEBUG] matplotlib.font_manager _findfont_cached: findfont: score(FontEntry(fname='C:\\Windows\\Fonts\\DUBAI-MEDIUM.TTF', name='Dubai', style='normal', variant='normal', weight=500, stretch='normal', size='scalable')) = 10.145
2026-09-20 14:47:05,784 [DEBUG] matplotlib.font_manager _findfont_cached: findfont: score(FontEntry(fname='C:\\Windows\\Fonts\\Gabriola.ttf', name='Gabriola', style='normal', variant='normal', weight=400, stretch='normal', size='scalable')) = 10.05
2026-09-20 14:47:05,784 [DEBUG] matplotlib.font_manager _findfont_cached: findfont: score(FontEntry(fname='C:\\Windows\\Fonts\\Inkfree.ttf', name='Ink Free', style='normal', variant='normal', weight=400, stretch='normal', size='scalable')) = 10.05
2026-09-20 14:47:05,784 [DEBUG] matplotlib.font_manager _findfont_cached: findfont: score(FontEntry(fname='C:\\Windows\\Fonts\\wingding.ttf', name='Wingdings', style='normal', variant='normal', weight=400, stretch='normal', size='scalable')) = 10.05
2026-09-20 14:47:05,784 [DEBUG] matplotlib.font_manager _findfont_cached: findfont: score(FontEntry(fname='C:\\Windows\\Fonts\\verdanai.ttf', name='Verdana', style='italic', variant='normal', weight=400, stretch='normal', size='scalable')) = 11.05
2026-09-20 14:47:05,785 [DEBUG] matplotlib.font_manager _findfont_cached: findfont: score(FontEntry(fname='C:\\Windows\\Fonts\\corbelz.ttf', name='Corbel', style='italic', variant='normal', weight=700, stretch='normal', size='scalable')) = 11.335
2026-09-20 14:47:05,785 [DEBUG] matplotlib.font_manager _findfont_cached: findfont: score(FontEntry(fname='C:\\Windows\\Fonts\\consola.ttf', name='Consolas', style='normal', variant='normal', weight=400, stretch='normal', size='scalable')) = 10.05
2026-09-20 14:47:05,785 [DEBUG] matplotlib.font_manager _findfont_cached: findfont: score(FontEntry(fname='C:\\Windows\\Fonts\\comici.ttf', name='Comic Sans MS', style='italic', variant='normal', weight=400, stretch='normal', size='scalable')) = 11.05
2026-09-20 14:47:05,785 [DEBUG] matplotlib.font_manager _findfont_cached: findfont: score(FontEntry(fname='C:\\Windows\\Fonts\\seguisym.ttf', name='Segoe UI Symbol', style='normal', variant='normal', weight=400, stretch='normal', size='scalable')) = 10.05
2026-09-20 14:47:05,785 [DEBUG] matplotlib.font_manager _findfont_cached: findfont: score(FontEntry(fname='C:\\Windows\\Fonts\\DUBAI-LIGHT.TTF', name='Dubai', style='normal', variant='normal', weight=300, stretch='normal', size='scalable')) = 10.145
2026-09-20 14:47:05,785 [DEBUG] matplotlib.font_manager _findfont_cached: findfont: score(FontEntry(fname='C:\\Windows\\Fonts\\BOOKOSBI.TTF', name='Bookman Old Style', style='italic', variant='normal', weight=600, stretch='normal', size='scalable')) = 11.24
2026-09-20 14:47:05,785 [DEBUG] matplotlib.font_manager _findfont_cached: findfont: score(FontEntry(fname='C:\\Windows\\Fonts\\ebrimabd.ttf', name='Ebrima', style='normal', variant='normal', weight=700, stretch='normal', size='scalable')) = 10.335
2026-09-20 14:47:05,785 [DEBUG] matplotlib.font_manager _findfont_cached: findfont: score(FontEntry(fname='C:\\Windows\\Fonts\\comicz.ttf', name='Comic Sans MS', style='italic', variant='normal', weight=700, stretch='normal', size='scalable')) = 11.335
2026-09-20 14:47:05,786 [DEBUG] matplotlib.font_manager _findfont_cached: findfont: score(FontEntry(fname='C:\\Windows\\Fonts\\HGRMB.TTC', name='HGMinchoB', style='normal', variant='normal', weight=400, stretch='normal', size='scalable')) = 10.05
2026-09-20 14:47:05,786 [DEBUG] matplotlib.font_manager _findfont_cached: findfont: score(FontEntry(fname='C:\\Windows\\Fonts\\HGRGE.TTC', name='HGGothicE', style='normal', variant='normal', weight=400, stretch='normal', size='scalable')) = 10.05
2026-09-20 14:47:05,786 [DEBUG] matplotlib.font_manager _findfont_cached: findfont: score(FontEntry(fname='C:\\Windows\\Fonts\\himalaya.ttf', name='Microsoft Himalaya', style='normal', variant='normal', weight=400, stretch='normal', size='scalable')) = 10.05
2026-09-20 14:47:05,786 [DEBUG] matplotlib.font_manager _findfont_cached: findfont: score(FontEntry(fname='C:\\Windows\\Fonts\\msjh.ttc', name='Microsoft JhengHei', style='normal', variant='normal', weight=400, stretch='normal', size='scalable')) = 10.05
2026-09-20 14:47:05,786 [DEBUG] matplotlib.font_manager _findfont_cached: findfont: Matching monospace:style=normal:variant=normal:weight=normal:stretch=normal:size=13.0 to DejaVu Sans Mono ('C:\\Users\\fujit\\AppData\\Local\\Programs\\Python\\Python313\\Lib\\site-packages\\matplotlib\\mpl-data\\fonts\\ttf\\DejaVuSansMono.ttf') with score of 0.050000.
2026-09-20 14:47:05,936 [WARNING] __main__ run: MIN2 processing error: 点不足
2026-09-20 14:47:05,952 [WARNING] __main__ run: MIN2 processing error: 点不足
2026-09-20 14:47:05,968 [WARNING] __main__ run: MIN2 processing error: 点不足
2026-09-20 14:47:06,078 [WARNING] __main__ run: MIN2 processing error: 点不足
2026-09-20 14:47:06,461 [WARNING] __main__ run: MIN2 processing error: 点不足
2026-09-20 14:47:06,477 [WARNING] __main__ run: MIN2 processing error: 点不足
2026-09-20 14:47:07,058 [WARNING] __main__ run: MIN2 processing error: 点不足
2026-09-20 14:47:07,463 [WARNING] __main__ run: MIN2 processing error: 点不足
2026-09-20 14:47:07,479 [WARNING] __main__ run: MIN2 processing error: 点不足
2026-09-20 14:47:07,495 [WARNING] __main__ run: MIN2 processing error: 点不足
2026-09-20 14:47:07,898 [WARNING] __main__ run: MIN2 processing error: 点不足
2026-09-20 14:47:08,010 [WARNING] __main__ run: MIN2 processing error: 点不足
2026-09-20 14:47:08,117 [WARNING] __main__ run: MIN2 processing error: 点不足
2026-09-20 14:47:08,133 [WARNING] __main__ run: MIN2 processing error: 点不足
2026-09-20 14:47:08,245 [WARNING] __main__ run: MIN2 processing error: 点不足
2026-09-20 14:47:08,260 [WARNING] __main__ run: MIN2 processing error: 点不足
2026-09-20 14:47:08,275 [WARNING] __main__ run: MIN2 processing error: 点不足
2026-09-20 14:47:08,291 [WARNING] __main__ run: MIN2 processing error: 点不足
2026-09-20 14:47:08,306 [WARNING] __main__ run: MIN2 processing error: 点不足
2026-09-20 14:47:08,322 [WARNING] __main__ run: MIN2 processing error: 点不足
2026-09-20 14:47:08,338 [WARNING] __main__ run: MIN2 processing error: 点不足
2026-09-20 14:47:08,353 [WARNING] __main__ run: MIN2 processing error: 点不足
2026-09-20 14:47:08,594 [WARNING] __main__ run: MIN2 processing error: 点不足
2026-09-20 14:47:08,610 [WARNING] __main__ run: MIN2 processing error: 点不足
2026-09-20 14:47:08,626 [WARNING] __main__ run: MIN2 processing error: 点不足
2026-09-20 14:47:08,739 [WARNING] __main__ run: MIN2 processing error: 点不足
2026-09-20 14:47:08,755 [WARNING] __main__ run: MIN2 processing error: 点不足
2026-09-20 14:47:08,771 [WARNING] __main__ run: MIN2 processing error: 点不足
2026-09-20 14:47:08,786 [WARNING] __main__ run: MIN2 processing error: 点不足
2026-09-20 14:47:08,803 [WARNING] __main__ run: MIN2 processing error: 点不足
2026-09-20 14:47:08,818 [WARNING] __main__ run: MIN2 processing error: 点不足
2026-09-20 14:47:08,834 [WARNING] __main__ run: MIN2 processing error: 点不足
2026-09-20 14:47:08,946 [WARNING] __main__ run: MIN2 processing error: 点不足
2026-09-20 14:47:09,059 [WARNING] __main__ run: MIN2 processing error: 点不足
2026-09-20 14:47:09,449 [WARNING] __main__ run: MIN2 processing error: 点不足
2026-09-20 14:47:10,006 [WARNING] __main__ run: MIN2 processing error: 点不足
2026-09-20 14:47:10,112 [WARNING] __main__ run: MIN2 processing error: 点不足
2026-09-20 14:47:10,127 [WARNING] __main__ run: MIN2 processing error: 点不足
2026-09-20 14:47:10,143 [WARNING] __main__ run: MIN2 processing error: 点不足
2026-09-20 14:47:10,159 [WARNING] __main__ run: MIN2 processing error: 点不足
2026-09-20 14:47:10,174 [WARNING] __main__ run: MIN2 processing error: 点不足
2026-09-20 14:47:10,190 [WARNING] __main__ run: MIN2 processing error: 点不足
2026-09-20 14:47:10,206 [WARNING] __main__ run: MIN2 processing error: 点不足
2026-09-20 14:47:10,222 [WARNING] __main__ run: MIN2 processing error: 点不足
2026-09-20 14:47:10,237 [WARNING] __main__ run: MIN2 processing error: 点不足
2026-09-20 14:47:10,254 [WARNING] __main__ run: MIN2 processing error: 点不足
2026-09-20 14:47:10,269 [WARNING] __main__ run: MIN2 processing error: 点不足
2026-09-20 14:47:10,285 [WARNING] __main__ run: MIN2 processing error: 点不足
2026-09-20 14:47:10,301 [WARNING] __main__ run: MIN2 processing error: 点不足
2026-09-20 14:47:10,317 [WARNING] __main__ run: MIN2 processing error: 点不足
2026-09-20 14:47:10,333 [WARNING] __main__ run: MIN2 processing error: 点不足
2026-09-20 14:47:10,349 [WARNING] __main__ run: MIN2 processing error: 点不足
2026-09-20 14:47:10,366 [WARNING] __main__ run: MIN2 processing error: 点不足
2026-09-20 14:47:10,382 [WARNING] __main__ run: MIN2 processing error: 点不足
2026-09-20 14:47:10,398 [WARNING] __main__ run: MIN2 processing error: 点不足
2026-09-20 14:47:10,414 [WARNING] __main__ run: MIN2 processing error: 点不足
2026-09-20 14:47:10,522 [WARNING] __main__ run: MIN2 processing error: 点不足
2026-09-20 14:47:10,538 [WARNING] __main__ run: MIN2 processing error: 点不足
2026-09-20 14:47:10,648 [WARNING] __main__ run: MIN2 processing error: 点不足
2026-09-20 14:47:10,665 [WARNING] __main__ run: MIN2 processing error: 点不足
2026-09-20 14:47:10,681 [WARNING] __main__ run: MIN2 processing error: 点不足
2026-09-20 14:47:10,698 [WARNING] __main__ run: MIN2 processing error: 点不足
2026-09-20 14:47:10,715 [WARNING] __main__ run: MIN2 processing error: 点不足
2026-09-20 14:47:10,732 [WARNING] __main__ run: MIN2 processing error: 点不足
2026-09-20 14:47:10,749 [WARNING] __main__ run: MIN2 processing error: 点不足
2026-09-20 14:47:10,766 [WARNING] __main__ run: MIN2 processing error: 点不足
2026-09-20 14:47:10,783 [WARNING] __main__ run: MIN2 processing error: 点不足
2026-09-20 14:47:10,800 [WARNING] __main__ run: MIN2 processing error: 点不足
2026-09-20 14:47:10,817 [WARNING] __main__ run: MIN2 processing error: 点不足
2026-09-20 14:47:10,833 [WARNING] __main__ run: MIN2 processing error: 点不足
2026-09-20 14:47:10,850 [WARNING] __main__ run: MIN2 processing error: 点不足
2026-09-20 14:47:10,867 [WARNING] __main__ run: MIN2 processing error: 点不足
2026-09-20 14:47:10,883 [WARNING] __main__ run: MIN2 processing error: 点不足
2026-09-20 14:47:10,901 [WARNING] __main__ run: MIN2 processing error: 点不足
2026-09-20 14:47:10,917 [WARNING] __main__ run: MIN2 processing error: 点不足
2026-09-20 14:47:10,934 [WARNING] __main__ run: MIN2 processing error: 点不足
2026-09-20 14:47:10,951 [WARNING] __main__ run: MIN2 processing error: 点不足
2026-09-20 14:47:10,967 [WARNING] __main__ run: MIN2 processing error: 点不足
2026-09-20 14:47:10,984 [WARNING] __main__ run: MIN2 processing error: 点不足
2026-09-20 14:47:11,001 [WARNING] __main__ run: MIN2 processing error: 点不足
2026-09-20 14:47:11,192 [INFO] __main__ run: Visualization loop terminated (window closed).
2026-09-20 14:47:11,193 [DEBUG] __main__ run: Completed successfully. Total frames: 170, Dropped: 126, Time: 6.52s
2026-09-20 14:47:11,193 [INFO] __main__ cleanup: ===== cleaning up and releasing resources =====
2026-09-20 14:47:11,194 [DEBUG] __main__ cleanup: Camera stopped and closed successfully.
2026-09-20 14:47:11,198 [INFO] __main__ cleanup: Visualizer resources released.
2026-09-20 14:47:11,198 [INFO] __main__ cleanup: ===== FINISHED =====
